show,title,seconds,creator,characters,set,description,prompt,id,video_url,thumbnail_url
#**SIGNAL DRIFT**#,The Master Signal,15,12matt3r,"Minka 'Echo' Thorne, Jax 'Feedback' Renard, Vesper 'Splice' Aris",,"A mystic crystal holds a powerful signal, but an entity named Splice arrives to extinguish the light.",@Minka 'Echo' Thorne @Jax 'Feedback' Renard @Vesper 'Splice' Aris #The Buffer Bloom ,7ef1c441-2aa8-4a22-8ba1-d89ee768ab38,https://watch.showrunnerapp.xyz/storage/v1/object/public/video-assets/video/generated_1784782899571_b7wi3ct1.mp4,https://watch.showrunnerapp.xyz/storage/v1/object/public/videos/generated_1784782899571_b7wi3ct1.png
#**SIGNAL DRIFT**#,The Master Signal – Scene 2,15,Killerbrown,"Cillian 'Aspect' Ratio, Mordecai 'Desync' Null, Dith 'Artifact' Flux",,"An entity activates a creature's ravenous appetite in a surreal corridor, triggering a dark, unsettling transformation.",@Cillian 'Aspect' Ratio make a introduction @Mordecai 'Desync' Null I’m hungry @Dith 'Artifact' Flux,8f1e1225-3900-464d-9b87-5812a2dd314f,https://watch.showrunnerapp.xyz/storage/v1/object/public/video-assets/video/generated_1785574991689_oci8bg0k.mp4,https://watch.showrunnerapp.xyz/storage/v1/object/public/videos/generated_1785574991689_oci8bg0k.png
#**SIGNAL DRIFT**#,The Master Signal – Scene 3,15,12matt3r,"Cillian 'Aspect' Ratio, Mordecai 'Desync' Null, Dith 'Artifact' Flux",,A monstrous entity consumes a powerful broadcast crystal while a sinister observer warns that their target is already tuned in.,@Cillian 'Aspect' Ratio @Mordecai 'Desync' Null @Dith 'Artifact' Flux,b6b39f76-cdcd-4f1d-826d-a31a9923f04d,https://watch.showrunnerapp.xyz/storage/v1/object/public/video-assets/video/generated_1785731401299_log9c1t4.mp4,https://watch.showrunnerapp.xyz/storage/v1/object/public/videos/generated_1785731401299_log9c1t4.png
#**SIGNAL DRIFT**#,Scrubbed from the Feed,15,12matt3r,"Moiré 'Ghost' Han, Pax 'Chroma' Shift",The Buffer Bloom,"A powerful neon entity confronts a frequency thief in a digital lair, deleting him from the stream after a brief, tense dispute.",@Moiré 'Ghost' Han @Pax 'Chroma' Shift #The Buffer Bloom,ce42fcee-303a-46a4-ae72-8fd8ca932e07,https://watch.showrunnerapp.xyz/storage/v1/object/public/video-assets/video/generated_1787739959419_clhlyhtr.mp4,https://watch.showrunnerapp.xyz/storage/v1/object/public/videos/generated_1787739959419_clhlyhtr.png
#**SIGNAL DRIFT**#,Zero Heart,15,12matt3r,,,A dimension-jumper rejects synthetic realities in search of a world with heart before initiating her final coordinate lock.,$3b,30589098-1cb6-441f-bead-773964d59bc6,https://watch.showrunnerapp.xyz/storage/v1/object/public/video-assets/video/generated_1788168871801_la904ycz.mp4,https://watch.showrunnerapp.xyz/storage/v1/object/public/videos/generated_1788168871801_la904ycz.png
#**SIGNAL DRIFT**#,The Architect's Scar,15,12matt3r,"Dana, Umit",The Corse Porch,"A woman confronts a glowing entity as a destructive frequency tears through her porch. She draws a blade, realizing the event was no accident.","@Dana @Umit #The Corse Porch Master 30-Second Paced Prompt (Continuous)
 [00:00 – 00:06] Atmosphere & Wall Ignition The scene opens slowly in a dimly lit, atmospheric room. Dense CRT scanlines and heavy analog video noise drift through the air like a thick, ambient holographic fog. Behind a large, vintage rounded CRT monitor resting in the center of the room, precise, controlled fire slowly ignites across the back wall. The flames carve out perfectly legible text: ""AAIFF 2026 - Astana AI Film Festival"", with the hashtag ",e90c3568-3352-4819-aeeb-1043dee93e13,https://watch.showrunnerapp.xyz/storage/v1/object/public/video-assets/video/generated_1788186862778_pc5j55g1.mp4,https://watch.showrunnerapp.xyz/storage/v1/object/public/videos/generated_1788186862778_pc5j55g1.png
ACTION SQUAD NOW!,The Beast and the Bottle,15,w8wbg87r6f,"Fangus, Skulkor",,"A drunken skeleton interrupts a lion's Discord gaming session, leading to a sharp insult and an explosion of gamer rage.",#Skull Manor @Skulkor@Fangus Skulkor tells Fangus to get off of Discord and come help him hatch some evil plans. They get into an argument. Fangus talks about Skulkor being a drunk and Skulkor mocks Fangus luck with the ladies ,7b889b9d-9d15-4ad4-9959-ca9ed3a79289,https://watch.showrunnerapp.xyz/storage/v1/object/public/video-assets/video/generated_1786938396710_6eqyydn7.mp4,https://watch.showrunnerapp.xyz/storage/v1/object/public/videos/generated_1786938396710_6eqyydn7.png
ACTION SQUAD NOW!,The Beast and the Bottle – Scene 2,15,w8wbg87r6f,"Cloutra, Skulkor",,Villains clash over social media engagement and a fashion double-take in this stop-motion comedy set in their dark lair.,@Skulkor@Cloutra #Skull Manor Skulkor asks Cloutra if she wants to help him do evil stuff but Cloutra is too fixated on the fact that her gym selfie only got 400 likes and she’s disappointed in it. Skulkor mocks her and then Cloutra calls him a drunk. They both go back and forth,8302c1c6-377a-42da-b483-a2d0dc24af11,https://watch.showrunnerapp.xyz/storage/v1/object/public/video-assets/video/generated_1786940238772_n51u64k5.mp4,https://watch.showrunnerapp.xyz/storage/v1/object/public/videos/generated_1786940238772_n51u64k5.png
ACTION SQUAD NOW!,The Beast and the Bottle – Scene 3,15,w8wbg87r6f,"Skulkor, Top Gills",Skull Manor,An influencer creature crashes a skeleton's secret scheme to film a social media live stream.,@Skulkor@Top Gills #Skull Manor Top Gills thinks he’s a high value male or whatever he is,f5ca0044-3fe8-4926-a47d-3ecf22f91c8a,https://watch.showrunnerapp.xyz/storage/v1/object/public/video-assets/video/generated_1787096475990_vykxts48.mp4,https://watch.showrunnerapp.xyz/storage/v1/object/public/videos/generated_1787096475990_vykxts48.png
ACTION SQUAD NOW!,Punching In,15,w8wbg87r6f,"The flesh, Man, T",,"A muscle-bound hero crashes a talk show after punching a blender, leaving the host in desperate need of security. A short, punchy parody of superhero tropes.",#The Underground Audio Lair @The flesh@Man,ed337d2b-bf7c-4958-8b52-d26b299e565f,https://watch.showrunnerapp.xyz/storage/v1/object/public/video-assets/video/generated_1788047305157_mkrbgm4i.mp4,https://watch.showrunnerapp.xyz/storage/v1/object/public/videos/generated_1788047305157_mkrbgm4i.png
ACTION SQUAD NOW!,Punching In – Scene 2,15,w8wbg87r6f,"K, The flesh, Man, T",The Underground Audio Lair,"Space Ghost's talk show is crashed by wrestler Kane, leading to a physical standoff with a confused He-Man in this stop-motion parody.",@The flesh @Man@K#The Underground Audio Lair,699ebc9e-c12f-4a93-a518-3c1bebf548fc,https://watch.showrunnerapp.xyz/storage/v1/object/public/video-assets/video/generated_1788054432681_ht9qjx9g.mp4,https://watch.showrunnerapp.xyz/storage/v1/object/public/videos/generated_1788054432681_ht9qjx9g.png
ACTION SQUAD NOW!,The Cancellation,15,w8wbg87r6f,"Zeke, Man",,"A villainous bug confronts a hero about his failing talk show, resulting in a dramatic, suburban standoff.",@Zeke@Man #San Andreas Grove Street cul-de-sac,609e7aa1-662d-40fc-8270-06b3d4ac88d8,https://watch.showrunnerapp.xyz/storage/v1/object/public/video-assets/video/generated_1788058283341_u1k115ic.mp4,https://watch.showrunnerapp.xyz/storage/v1/object/public/videos/generated_1788058283341_u1k115ic.png
ACTION SQUAD NOW!,The Cancellation – Scene 2,15,w8wbg87r6f,"Zeke, Man, G-Man",San Andreas Grove Street cul-de-sac,A talk show host's dispute turns chaotic when a laser-armed robot appears. Parody-filled stop-motion mayhem ensues.,@Zeke @Man@G-Man #San Andreas Grove Street cul-de-sac,30d58f79-a067-4997-8e44-135b03445493,https://watch.showrunnerapp.xyz/storage/v1/object/public/video-assets/video/generated_1788063408697_zw04j2qv.mp4,https://watch.showrunnerapp.xyz/storage/v1/object/public/videos/generated_1788063408697_zw04j2qv.png
ACTION SQUAD NOW!,Tide Pool Takeover,15,w8wbg87r6f,"Meltman, The flesh, Polly, T",The Tide-Pool Turbine Town,Action figures clash over a coastal turbine in this quirky stop-motion short. He-Man flexes while a slimy friend finds his destiny at the beach.,@The flesh@Meltman@Polly#The Tide-Pool Turbine Town,1da4e7da-940e-43c0-9bef-68b2b2587c4f,https://watch.showrunnerapp.xyz/storage/v1/object/public/video-assets/video/generated_1788066114228_8wz7ec49.mp4,https://watch.showrunnerapp.xyz/storage/v1/object/public/videos/generated_1788066114228_8wz7ec49.png
ACTION SQUAD NOW!,Jersey Express,15,w8wbg87r6f,"Polly, T",,Iconic mobster action figures panic during a high-stakes bus ride that pays homage to a classic action thriller in this animated parody.,@Polly@T #The Mach-Speed Metro-Mover,2f4b3108-f48e-490d-b1ae-e6449bf73730,https://watch.showrunnerapp.xyz/storage/v1/object/public/video-assets/video/generated_1788112069082_mlenitqy.mp4,https://watch.showrunnerapp.xyz/storage/v1/object/public/videos/generated_1788112069082_mlenitqy.png
ACTION SQUAD NOW!,Jersey Express – Scene 2,15,w8wbg87r6f,"The flesh, Polly, T",The Mach-Speed Metro-Mover,"A muscular action figure disrupts a bus ride, offending passengers with his hygiene before seizing control from the driver.",@The flesh #The Mach-Speed Metro-Mover@Polly@T,9067d647-21ae-4eec-b61d-5c64d39d57de,https://watch.showrunnerapp.xyz/storage/v1/object/public/video-assets/video/generated_1788123971060_fgh2wcy5.mp4,https://watch.showrunnerapp.xyz/storage/v1/object/public/videos/generated_1788123971060_fgh2wcy5.png
ACTION SQUAD NOW!,Reality's Fracture,15,12matt3r,,,A city crumbles as a woman discovers her world was a simulation. A mysterious golden figure welcomes her home.,$3b,2495f4e5-72bd-4294-bdc8-c7d699de2d06,https://watch.showrunnerapp.xyz/storage/v1/object/public/video-assets/video/generated_1788174239568_a4c38fy8.mp4,https://watch.showrunnerapp.xyz/storage/v1/object/public/videos/generated_1788174239568_a4c38fy8.png
ACTION SQUAD NOW!,Reality's Fracture – Scene 2,15,12matt3r,"Umit, Dana",The Corse Porch,A survivor questions the creator of failed human simulations. A fateful touch triggers a dark disintegration.,"Scene: The dark void threshold as the collapse quiets down. Floating ash settling in the dark, with Dana's liquid-light form pulsing with gentle gold and cyan caustics beside a weary Umit.

Dialogue: Umit (voice trembling with raw exhaustion): ""Every world was breathtaking... and every single one was rotten to the core. Why did we do this, Dana?"" Dana (resonant, gentle sorrow): ""They were simulations of every future humanity ever dreamed of. We thought if we gave them the perfect world, they would finally thrive.""

Action: [Extend from previous] The violent roar of the collapsing city fades into an eerie, echoing stillness. Umit stands catching her breath, staring at her dirt-streaked palms as the floating ash settles around her boots. Beside her in the darkness, Dana’s liquid-light form pulses softly, casting gentle optical caustics across Umit's face as the weight of the failed multiverse sets in.",22d448aa-730f-4d8c-8426-b6d35f05dc77,https://watch.showrunnerapp.xyz/storage/v1/object/public/video-assets/video/generated_1788175605655_673ji0yo.mp4,https://watch.showrunnerapp.xyz/storage/v1/object/public/video-assets/generated-images/vroll_1788173958947_1788173958948_4xsuufw81fk.png
AS WE KNOW IT,The Last Drop,15,12matt3r,Aris,,"A scavenger seizes a rare water supply from an elder in a ruined city, highlighting the harsh realities of survival.","Scene: A cracked public fountain dripping rusty runoff water amidst blowing gray ash and ruined concrete barriers.

Dialogue: Elder (pleading, voice hoarse): ""Please... it's all the clean water we have."" Aris(cold laugh): ""It's ours now, old man.""

Action: Dynamic low-angle tracking shot. An elderly man and a young boy struggle to fill a plastic jug under a dripping pipe. An aggressive scavenger strides into frame, roughly shoving the old man onto the hard asphalt. The scavenger lifts the filled jug, callously kicking over their spare containers, while the boy scrambles to help his grandfather up from the dust.
 @Aris #The Obsidian Shards",856ca17b-df4c-4250-beaa-0bc01392f7a5,https://watch.showrunnerapp.xyz/storage/v1/object/public/video-assets/video/generated_1788135606204_wvixh0ml.mp4,https://watch.showrunnerapp.xyz/storage/v1/object/public/videos/generated_1788135606204_wvixh0ml.png
AS WE KNOW IT,Shattered Steel,15,12matt3r,Sunder,,"An armored warrior stalks a mirrored labyrinth, commanding a thorough search of the tunnels.","Scene: Abandoned subway tunnel filled with standing murky water, flickering emergency wall lights, and deep echoing shadows.

Dialogue: Woman (straining, out of breath): ""Keep running, don't look back!"" Sunder (shouting from the dark): ""Check every tunnel!""

Action: Steadicam reverse-tracking shot running backward in front of a breathless woman carrying a small child wrapped in a blanket. Water splashes violently beneath her boots as she sprints down the tracks. Behind her, multiple sweeping flashlight beams cut through the tunnel haze, accompanied by aggressive shouts and barking guard dogs echoing from the darkness.
@Sunder #The Obsidian Shards",6a10ee1a-62c8-471e-9b07-33a651eda473,https://watch.showrunnerapp.xyz/storage/v1/object/public/video-assets/video/generated_1788135745918_pu0cm5bm.mp4,https://watch.showrunnerapp.xyz/storage/v1/object/public/videos/generated_1788135745918_pu0cm5bm.png
AS WE KNOW IT,The Tollman's Grin,15,12matt3r,Varkas,,"In a ruined world, painted outlaws extort survivors on a bridge. Their leader delivers a deadly ultimatum: pay the price or face the drop.","@Varkas Scene: Sheared suspension pedestrian bridge draped in fog, rusted guardrails, blowing sulfur smoke.

Dialogue: Refugee Father (straining): ""It’s all we own! Have some decency!"" Varkas(striking the railing): ""Pay the toll or go over the side.""

Action: Wide-to-medium tracking shot along the narrow bridge. Armed marauders form a bottleneck, roughly stripping coats, bags, and keepsakes from a line of shivering, displaced families. A raider violently snatches a family’s heirloom watch and supply tin, shoving the father back against the rusted fence as the terrified family is forced through empty-handed into the freezing mist.
 #The Obsidian Shards",2c262b16-8484-43f3-a6d9-3022d8295127,https://watch.showrunnerapp.xyz/storage/v1/object/public/video-assets/video/generated_1788135765297_fxmg5mdw.mp4,https://watch.showrunnerapp.xyz/storage/v1/object/public/videos/generated_1788135765297_fxmg5mdw.png
AS WE KNOW IT,Mercy Denied,15,12matt3r,Cato Marrow,,"In a bleak, ruined city, a desperate father's plea for medicine is coldly rejected by a survivor as the shutters close.","@Cato Marrow Scene: Smashed glass storefront of a looted medical clinic, flickering neon tube, scattered pill bottles on wet tiles.

Dialogue: Desperate Father (sobbing, hands outstretched): ""My daughter has a fever—just one bottle!"" Cato marrow (shoving him out): ""Store's closed. Clear out!""

Action: Dutch-angle medium shot inside the ransacked clinic. A desperate father on his knees begs a gang of armed looters for a single bottle of fever medicine. The looters aggressively push him backward through the shattered doorway, slamming the metal security shutter down and leaving him alone on the curb in the blowing ash, clutching his empty hands.
 #The Obsidian Shards",97b20e4b-dc5c-43e8-b999-5851cf788510,https://watch.showrunnerapp.xyz/storage/v1/object/public/video-assets/video/generated_1788135837227_vot6nh46.mp4,https://watch.showrunnerapp.xyz/storage/v1/object/public/videos/generated_1788135837227_vot6nh46.png
AS WE KNOW IT,Roadblock,15,12matt3r,Helion,,"A mutant stalks a survivor in a van on a ruined highway, demanding entry amidst a post-apocalyptic storm.","@Helion Scene: Rusted, disabled delivery van parked on a ruined highway shoulder at dusk, cold amber sky with drifting soot.

Dialogue: Trapped Woman (screaming inside): ""Go away! There's nothing in here!"" Helion(banging on metal): ""Open the door or we burn it!""

Action: Handheld tracking shot circling the van. Two raiders smash the rear windows with crowbars, wrenching open the back doors. Inside, a frightened family cowers under tattered wool blankets. The raiders drag their sleeping bags, canned food, and water jugs out into the dirt, ignoring the mother’s desperate cries as they load the stolen goods onto a motorized flatbed and speed off.
 #The Obsidian Shards",0ea359b2-953a-4e6e-a194-b8bfb430fd57,https://watch.showrunnerapp.xyz/storage/v1/object/public/video-assets/video/generated_1788135922662_j3go31cr.mp4,https://watch.showrunnerapp.xyz/storage/v1/object/public/videos/generated_1788135922662_j3go31cr.png
AS WE KNOW IT,No Way Down,15,12matt3r,Kira Vane,,"Panicked survivors flee a breached underground facility in a desperate, bloody climb toward safety while pursued by attackers.","@Kira Vane Scene: Concrete high-rise fire escape stairwell with peeling paint, red emergency strobes, and dense smoke rising from below.

Dialogue: Escaping Citizen (calling out): ""They broke the ground floor! Head for the roof!"" (Panicked cries, doors slamming)

Action: High-angle vertical plunge shot looking down the winding spiral stairwell. Dozens of frightened residents—mothers carrying infants, elders assisted by neighbors—scramble frantically up the steps as smoke billows from the ground level. Shouting marauders smash through the lower fire doors, brandishing bats and flashlights, sending the crowd surging upward in blind terror.
 #The Obsidian Shards",bd5d3b88-35c6-41b7-92ed-1f478c3783fd,https://watch.showrunnerapp.xyz/storage/v1/object/public/video-assets/video/generated_1788136074225_ywq4v6ik.mp4,https://watch.showrunnerapp.xyz/storage/v1/object/public/videos/generated_1788136074225_ywq4v6ik.png
AS WE KNOW IT,Frozen Mercy,15,12matt3r,Kaelen Vane,,"In a bleak, war-torn wasteland, a merciless masked scavenger robs a vulnerable elderly couple of their only source of warmth.","Scene: Crumbling storefront overhang during an overcast snowfall mixed with gray ash, biting wind.

Dialogue: Elderly Woman (shivering, clutching fabric): ""We'll freeze without it..."" Kaelen Vane (tugging hard): ""Not my problem.""

Action: Slow, intimate push-in shot on a frail elderly couple huddled together on a cardboard mat under a cracked awning. A callous scavenger forcefully yanks away their thick thermal blanket and thermos, leaving the couple exposed to the freezing ash-wind. The old man wraps his arms protectively around his wife as they shiver together in silent, heartbreaking helplessness.
 @Kaelen Vane #The Obsidian Shards",bee63ba6-7692-46f7-96cb-ed0e7f6c7c41,https://watch.showrunnerapp.xyz/storage/v1/object/public/video-assets/video/generated_1788136072303_glaosuqs.mp4,https://watch.showrunnerapp.xyz/storage/v1/object/public/videos/generated_1788136072303_glaosuqs.png
AS WE KNOW IT,Scent of Prey,15,12matt3r,Zaya,,"A mother and child hide in a pipe from a multi-eyed monster stalking a ruined, post-apocalyptic landscape.","@Zaya Scene: A massive concrete stormwater drainage pipe half-buried in mud and overgrowth, overlooking a chaotic, burning avenue.

Dialogue: Mother (hushed, soothing murmur): ""Close your eyes, baby... look at me, only at me."" (Distant shouts and alarms outside)

Action: Extreme shallow-focus internal shot framing from deep inside the dark drainage pipe looking out. In the foreground, a young mother cradles her crying toddler, gently humming to drown out the noise while tears streak her soot-covered cheeks. In the blurred background outside the circular pipe opening, raiders ransack passing carts and chase fleeing citizens through the burning ruins.
 #The Obsidian Shards",2aae2688-a12e-460b-941a-d8bc0cdf9216,https://watch.showrunnerapp.xyz/storage/v1/object/public/video-assets/video/generated_1788136118742_h7xathh6.mp4,https://watch.showrunnerapp.xyz/storage/v1/object/public/videos/generated_1788136118742_h7xathh6.png
AS WE KNOW IT,The Glass Cage – Scene 5,15,12matt3r,,,"A warrior screams in agony on a battlefield, revealing mysterious biological features amid the carnage.","(The Emotional Breaking Point): [Extend from previous] Umit collapses to her knees in the ash, covers her ears, shuts her eyes tightly, and screams ""Stop!"" in pure anguish as the surrounding reality destabilizes.",38013f51-9e05-40cc-b1da-48100157242b,https://watch.showrunnerapp.xyz/storage/v1/object/public/video-assets/video/generated_1788152612365_u1gl8x2c.mp4,https://watch.showrunnerapp.xyz/storage/v1/object/public/video-assets/generated-images/vroll_1788111540775_1788111540775_3rel4kxrtwz.png
AS WE KNOW IT,The Glass Cage – Scene 6,15,12matt3r,,The Obsidian Shards,"A lone warrior undergoes a dark, symbiotic transformation in a crystalline wasteland, revealing a deep connection to a mysterious living monolith.",The black bugs cover her fully and crawl inside of her once there’s no more room to cover her outside,216a80b3-051b-4a23-897c-79dfbe8a93e7,https://watch.showrunnerapp.xyz/storage/v1/object/public/video-assets/video/generated_1788153565516_i2nhn1xe.mp4,https://watch.showrunnerapp.xyz/storage/v1/object/public/video-assets/generated-images/vroll_1788111540775_1788111540775_3rel4kxrtwz.png
AS WE KNOW IT,The Glass Cage – Scene 7,15,12matt3r,"Dana, Umit",,Umit confronts a glowing entity from 'The Catalog.' A tense exchange reveals her regret over the true cost of a perceived choice.,"@Umit@Dana #The Carolina Threshold  (The World Shatter): [Extend from previous] The entire digital environment shatters like obsidian glass into millions of falling black shards, dissolving into an infinite dark void. The camera violently snaps backward, isolating Umit alone under a single stark overhead spotlight.",10aff23e-84e1-46c4-b6a3-f93e2030b937,https://watch.showrunnerapp.xyz/storage/v1/object/public/video-assets/video/generated_1788156364134_ruiinyza.mp4,https://watch.showrunnerapp.xyz/storage/v1/object/public/videos/generated_1788156364134_ruiinyza.png
AS WE KNOW IT,The Glass Cage – Scene 8,15,12matt3r,"Umit, Dana",The Carolina Threshold,"A scarred warrior confronts a glowing entity in a dark void. She orders the 'catalog' to burn, triggering a surreal fragmentation of reality and self.","@Umit@Dana #The Carolina Threshold  (The World Shatter): [Extend from previous] The entire digital environment shatters like obsidian glass into millions of falling black shards, dissolving into an infinite dark void. The camera violently snaps backward, isolating Umit alone under a single stark overhead spotlight.",2b911910-1811-4f2d-9f1f-39214bc52eda,https://watch.showrunnerapp.xyz/storage/v1/object/public/video-assets/video/generated_1788157183989_8k5yqb09.mp4,https://watch.showrunnerapp.xyz/storage/v1/object/public/video-assets/generated-images/vroll_1788156035007_1788156035008_0ptjg51hev.png
Blotter,Mirage in the Sands – Scene 10,15,12matt3r,"Frank Blotter, Marta Blotter, Theodore Gummy",The Crestwood Multi-Media Overlook,"A one-eyed creature wakes to news of a ""collection"" and ""surcharge"" before a mysterious blue portal consumes his room.",The world continues to sing in putting on itself when all is lost a rush of energy surges through dad’s eye as he wakes up in bed breathing hard,dadf996f-41a4-4c8f-b1e2-20b15afeca31,https://watch.showrunnerapp.xyz/storage/v1/object/public/video-assets/video/generated_1787971521310_dlzt2ixp.mp4,https://watch.showrunnerapp.xyz/storage/v1/object/public/video-assets/generated-images/vroll_1787965841293_1787965841293_4f2gwrjh2gf.png
Blotter,Mirage in the Sands – Scene 3,15,12matt3r,,,"In a desert oasis, a singing fruit and friends board an origami fish boat before swirling down a pool drain.",I wanna know can you help me? I’d love to stay.   He is singing in.,824a7dea-3e4f-486f-8158-4a36d4ce477b,https://watch.showrunnerapp.xyz/storage/v1/object/public/video-assets/video/generated_1787971615562_62qccr5o.mp4,https://watch.showrunnerapp.xyz/storage/v1/object/public/video-assets/generated-images/vroll_1787951970029_1787951970030_93uqert03yk.png
Blotter,Mirage in the Sands – Scene 10,15,12matt3r,"Princess Suki Pringle, Mrs. Yumiko Higgins, Chloe Blotter",,"Chloe returns home to find a mysterious 'Unauthorized Erasee Surrage' notice, triggering shock and strange green tears.",@Princess Suki Pringle @Mrs. Yumiko Higgins@Chloe Blotter #The Maruyama Residence,89bcff8d-9b62-4807-8962-462662b08671,https://watch.showrunnerapp.xyz/storage/v1/object/public/video-assets/video/generated_1787972222142_x0rjee6w.mp4,https://watch.showrunnerapp.xyz/storage/v1/object/public/videos/generated_1787972222142_x0rjee6w.png
Blotter,Mirage in the Sands – Scene 4,15,12matt3r,,,"A potato and a punk friend sail a golden river through a cave, encountering a giant fish and a cosmic eye.",Take me to the river drop me in the water,7466571d-715e-4ebe-ab3e-8542e3b234cb,https://watch.showrunnerapp.xyz/storage/v1/object/public/video-assets/video/generated_1787972144553_iyesdlt5.mp4,https://watch.showrunnerapp.xyz/storage/v1/object/public/video-assets/generated-images/vroll_1787951970029_1787951970030_93uqert03yk.png
Blotter,Mirage in the Sands – Scene 11,15,12matt3r,,,"Chloe panics over a digital erasure until a mysterious tea brew provides a surreal, instant remedy for her stress.",Did y’all get one of those too God do you have anything to relieve my stress?,09d6df8d-7029-40b5-b794-8646dc7de36e,https://watch.showrunnerapp.xyz/storage/v1/object/public/video-assets/video/generated_1787972876463_7m6qfu4k.mp4,https://watch.showrunnerapp.xyz/storage/v1/object/public/video-assets/generated-images/vroll_1787971784558_1787971784559_b1vyh5kzyy.png
Blotter,Mirage in the Sands – Scene 5,15,12matt3r,,,Two friends sail a paper boat over a giant eyeball in a cavern.,"I got a feeling that the blotters are dealing with something they don’t know, and I got my eyes on you they are singing from the bowels of the world, but on every long note, they hear gargling",44beb9c6-b83f-4e60-a623-c495d4520b36,https://watch.showrunnerapp.xyz/storage/v1/object/public/video-assets/video/generated_1787972924918_4qmphbcj.mp4,https://watch.showrunnerapp.xyz/storage/v1/object/public/video-assets/generated-images/vroll_1787951970029_1787951970030_93uqert03yk.png
Blotter,Mirage in the Sands – Scene 12,15,12matt3r,,,Chloe is subjected to a cryogenic shock and an unauthorized memory erasure by her eccentric companions in a digital world.,"Nothing like a good cryogenic freezer shot to put in a coma. Hopefully when she wakes up, she won’t even remember. I know I usually don’t ha ha ha ha ha ha ha ha ha",7b019977-c364-4674-bbf7-efad38d02365,https://watch.showrunnerapp.xyz/storage/v1/object/public/video-assets/video/generated_1787973406948_xm0w4d1n.mp4,https://watch.showrunnerapp.xyz/storage/v1/object/public/video-assets/generated-images/vroll_1787971784558_1787971784559_b1vyh5kzyy.png
Blotter,Mirage in the Sands – Scene 6,15,12matt3r,"Arthur Blotter, Dot Blotter",The Crestwood Dunes ‘Stay-Cation’ Glamp-Site,"A paper girl and a potato man sail through a dark cavern across a giant, realistic eye, leading to a surreal awakening.",Stop shut them down open up shop. He keeps singing whoa that’s how the freaking blotters roll. Ask his sister yells shut up.,0b4b1a78-ae87-4723-a1f5-6dd9b6f00443,https://watch.showrunnerapp.xyz/storage/v1/object/public/video-assets/video/generated_1787973521153_k5xh38cy.mp4,https://watch.showrunnerapp.xyz/storage/v1/object/public/video-assets/generated-images/vroll_1787951970029_1787951970030_93uqert03yk.png
Blotter,Mirage in the Sands – Scene 13,15,12matt3r,,,"A chat about bizarre symptoms turns dangerous when massive ice crystals erupt from the floor, trapping a group of surreal characters.","Yeah, that’s gonna hurt tomorrow. it’s like one in 1000 that happens to you. Seems like a minor symptom until you actually shit frozen vines ripping your uterus to the floor.",ca01eff9-587b-4b76-9136-281e8a22103b,https://watch.showrunnerapp.xyz/storage/v1/object/public/video-assets/video/generated_1787974170666_gay1mxms.mp4,https://watch.showrunnerapp.xyz/storage/v1/object/public/video-assets/generated-images/vroll_1787971784558_1787971784559_b1vyh5kzyy.png
Blotter,Mirage in the Sands – Scene 14,15,12matt3r,"Princess Suki Pringle, Mrs. Yumiko Higgins, Chloe Blotter",The Maruyama Residence,"A system erasure targets the group, pinning one member while a massive crystal spike erupts from below.","I probably deserve that doesn’t make it hurt any less, though she says as one single tear falls down her face",cb311cc0-ac23-4d8d-b4d9-99dc362bccc5,https://watch.showrunnerapp.xyz/storage/v1/object/public/video-assets/video/generated_1787976074712_tvjg2a45.mp4,https://watch.showrunnerapp.xyz/storage/v1/object/public/video-assets/generated-images/vroll_1787971784558_1787971784559_b1vyh5kzyy.png
Blotter,Mirage in the Sands – Scene 15,15,12matt3r,"Beatrice Blotter, Barnaby Blotter, Jasper Blotter",,Friends enjoy a bizarre fishing trip when a giant fish emerges to sing a soulful song.,@Jasper Blotter@Barnaby Blotter@Beatrice Blotter #The Crestwood Pines Recreational Fishing Hole are fishing when a giant bass comes out of the lake singing take me to the river. Everybody is so confused still singing drop me in the water. They look at each other and one says tell Simon he needs to slim the batch down a little bit. It’s hitting too hard.,318abc96-f968-472e-9a0b-f80f0c527999,https://watch.showrunnerapp.xyz/storage/v1/object/public/video-assets/video/generated_1787977600364_qp0fkn5u.mp4,https://watch.showrunnerapp.xyz/storage/v1/object/public/videos/generated_1787977600364_qp0fkn5u.png
Blotter,Mirage in the Sands – Scene 16,15,12matt3r,"Jasper Blotter, Barnaby Blotter, Beatrice Blotter",The Crestwood Pines Recreational Fishing Hole,"Surreal creatures follow a rhythmic call to a pond, ending in a dive onto a giant vinyl record.",Maybe we should swim,aa04bb6d-5ea2-4ada-9eea-ae4e67479d67,https://watch.showrunnerapp.xyz/storage/v1/object/public/video-assets/video/generated_1787978328147_pbik9luj.mp4,https://watch.showrunnerapp.xyz/storage/v1/object/public/video-assets/generated-images/vroll_1787977294896_1787977294896_462wn87w3wo.png
BUTTFACE FACTORY,The Chronometer Crisis,15,12matt3r,"Caspar Callipygian, Simeon Seam",The Lower Gear-Spindle District,Rick and Morty face a mechanical catastrophe as a hostile Popeye demands they save the city from a clockwork collapse.,@Caspar Callipygian @Simeon Seam @Captain Horatio Hinder,2f4e00df-ae9d-4b2b-8b82-d9524bcaedf6,https://watch.showrunnerapp.xyz/storage/v1/object/public/video-assets/video/generated_1781185945269_n50j8k7u.mp4,https://watch.showrunnerapp.xyz/storage/v1/object/public/videos/generated_1781185945269_n50j8k7u.png
BUTTFACE FACTORY,The Chronometer Crisis – Scene 2,15,12matt3r,"Gene Glute-Gnash, Apollo Sterling, Silas Saddle",,A rockstar-inspired figure threatens a city's pulse by dismantling a gear-driven device. Allies race against time to find a solution before midnight strikes.,@Apollo Sterling @Gene Glute-Gnash@Silas Saddle #The Chromatic Flux Workshop,b214f345-d625-432b-9908-a580fbe5ec45,https://watch.showrunnerapp.xyz/storage/v1/object/public/video-assets/video/generated_1781220129571_vawpid1n.mp4,https://watch.showrunnerapp.xyz/storage/v1/object/public/videos/generated_1781220129571_vawpid1n.png
BUTTFACE FACTORY,The Chronometer Crisis – Scene 3,15,12matt3r,,,"Rock-inspired characters battle over a mysterious clockwork machine. As the city's heart is revealed, a dark transformation begins.",Continue,088d9bc4-c1c5-4774-a601-24247eab17d6,https://watch.showrunnerapp.xyz/storage/v1/object/public/video-assets/video/generated_1781221532680_pj6xiaqa.mp4,https://watch.showrunnerapp.xyz/storage/v1/object/public/video-assets/generated-images/vroll_1781219797102_1781219797103_8zfxaj4phwc.png
BUTTFACE FACTORY,The Chronometer Crisis – Scene 4,15,12matt3r,"Apollo Sterling, Gene Glute-Gnash, Silas Saddle",,"A rockstar harnesses an archiving machine in a steampunk lab, transforming into the Architect while a mysterious observer explains the device.",Continue,8e6add50-2d6f-40b2-b886-c2f5a4ed10bd,https://watch.showrunnerapp.xyz/storage/v1/object/public/video-assets/video/generated_1781222513274_3t0hzijk.mp4,https://watch.showrunnerapp.xyz/storage/v1/object/public/video-assets/generated-images/vroll_1781219797102_1781219797103_8zfxaj4phwc.png
BUTTFACE FACTORY,The Chronometer Crisis – Scene 5,15,12matt3r,Jules Jheri-Chasm,The Chromatic Flux Workshop,A team of experts struggles with a failing mechanical heart transformation in a neon workshop before a midnight deadline.,@General Gerome Gluteal @Jules Jheri-Chasm @Professor Percival Patootie,0f1632d6-e141-4615-ac2d-ce28e62b3b44,https://watch.showrunnerapp.xyz/storage/v1/object/public/video-assets/video/generated_1781229557210_op1l7v1f.mp4,https://watch.showrunnerapp.xyz/storage/v1/object/public/videos/generated_1781229557210_op1l7v1f.png
CHANNEL 86,The Edge of the Frame,15,12matt3r,"Arlo Sylvan, Mr. 86, Azureus",The Mercer Living Room (Signal Bleed),An angelic being urges Arlo to seize a mysterious glowing bottle before a sinister television host emerges from the static to claim his new audience.,@Arlo Sylvan @Mr. 86 @Azureus #The Mercer Living Room (Signal Bleed),344f19c2-5646-4c8c-aca5-ec40bd85df41,https://watch.showrunnerapp.xyz/storage/v1/object/public/video-assets/video/generated_1789768529511_ecbsrmk0.mp4,https://watch.showrunnerapp.xyz/storage/v1/object/public/videos/generated_1789768529511_ecbsrmk0.png
CHANNEL 86,The Edge of the Frame – Scene 2,15,12matt3r,"Al, Instant Lee, Sloppy",,"Two puppet hosts confront an eerie masked biker on a studio set, unaware that their final broadcast is about to take a terrifying supernatural turn.",@Al @Sloppy @Instant Lee #The Primary Broadcast Stage of Channel 86,c02f373f-69ce-412e-8033-5ff42f730973,https://watch.showrunnerapp.xyz/storage/v1/object/public/video-assets/video/generated_1789769443785_jun5jtoh.mp4,https://watch.showrunnerapp.xyz/storage/v1/object/public/videos/generated_1789769443785_jun5jtoh.png
CHANNEL 86,Beyond the Backdrop,15,12matt3r,"Bobby, Sloppy, Instant Lee",The Primary Broadcast Stage of Channel 86,"In a frantic television studio pursuit, a mysterious masked runner leaps through scenery to evade his quirky pursuers in a vibrant, high-energy race.",$44,399fccff-a613-49b9-94eb-e17da1e64502,https://watch.showrunnerapp.xyz/storage/v1/object/public/video-assets/video/generated_1789947645591_icuer3hz.mp4,https://watch.showrunnerapp.xyz/storage/v1/object/public/videos/generated_1789947645591_icuer3hz.png
CHROMASHIFT: SENSORY COLLAPSE,Frequency of Deletion,15,Killerbrown,"Killerbrown, Silas Flux, Nihil Vos",The Singularity Crevasse,A hero faces off against dark digital entities while resisting a push toward total erasure.,@Killerbrown @Silas Flux @Nihil Vos #The Singularity Crevasse,36872885-b34b-41a3-ac3b-2b0c559f086d,https://watch.showrunnerapp.xyz/storage/v1/object/public/video-assets/video/generated_1789078478863_2sg4if6n.mp4,https://watch.showrunnerapp.xyz/storage/v1/object/public/videos/generated_1789078478863_2sg4if6n.png
CHROMASHIFT: SENSORY COLLAPSE,Frequency of Deletion – Scene 2,15,Killerbrown,"Kenjiro Takagi, Leo Vance, Lana Solis",The Acheron Precipice,"A man faces mental erasure as an ally stabilizes his signal. On a cliff edge, they must choose who jumps to save the rest.",@Kenjiro Takagi @Lana Solis @Leo Vance #The Acheron Precipice,0ae5904c-7003-4345-b1d4-ffc474ec61b7,https://watch.showrunnerapp.xyz/storage/v1/object/public/video-assets/video/generated_1789079269543_9kaefmm3.mp4,https://watch.showrunnerapp.xyz/storage/v1/object/public/videos/generated_1789079269543_9kaefmm3.png
CHROMASHIFT: SENSORY COLLAPSE,Frequencies of Flesh,15,12matt3r,"Auric Queen Nefer-Glace, Elara Voss, Lana Solis",,A girl in a crystal desert learns she is a simulation and is commanded to wake by a celestial figure.,@Lana Solis @Auric Queen Nefer-Glace@Elara Voss #The Prism-Bleached Basin the creators wanted us to let you know that it’s time to wake up for the hallucination station station station station,c4f04986-5fe1-421c-b1e5-c655932c5e91,https://watch.showrunnerapp.xyz/storage/v1/object/public/video-assets/video/generated_1789315230507_6px6pls4.mp4,https://watch.showrunnerapp.xyz/storage/v1/object/public/videos/generated_1789315230507_6px6pls4.png
CHROMASHIFT: SENSORY COLLAPSE,Frequencies of Flesh – Scene 2,15,12matt3r,,,A woman desperately pleads for her companion to awaken in a crystalline wasteland under the watchful gaze of a celestial entity.,"I must say the view out here is quite beautiful. I do not condone anyone for taking in research chemicals, but I do condone you waking up please wake up wake up.",e36d5fb9-4676-458e-91a8-4083496f85f9,https://watch.showrunnerapp.xyz/storage/v1/object/public/video-assets/video/generated_1789315834141_10ijzwb0.mp4,https://watch.showrunnerapp.xyz/storage/v1/object/public/video-assets/generated-images/vroll_1789314410622_1789314410623_x51yckqscgo.png
CHROMASHIFT: SENSORY COLLAPSE,Frequencies of Flesh – Scene 3,15,12matt3r,Elara Voss,,"A cyborg observes a vast, crystalline landscape through a cosmic eye, witnessing a surreal digital awakening.","Continuing from the colossal amber pupil focusing directly on the lens. The giant pupil suddenly contracts to a sharp pinprick, then violently dilates, swallowing the entire camera in blinding, pure white light and violet static. The intense, doubling heartbeat audio abruptly distorts and flattens into the loud, crackling white noise of a television static channel. The blinding white light flickers rhythmically like a screen in a dark room.",aee7f01e-5c7c-4326-b0a8-cb6ef91f8126,https://watch.showrunnerapp.xyz/storage/v1/object/public/video-assets/video/generated_1789316598250_a6a7lc8h.mp4,https://watch.showrunnerapp.xyz/storage/v1/object/public/video-assets/generated-images/vroll_1789314410622_1789314410623_x51yckqscgo.png
CHROMASHIFT: SENSORY COLLAPSE,Shattered Descent,15,12matt3r,"Lana Solis, Auric Queen Nefer-Glace, Xyla Auris",The Prism-Bleached Basin,A girl falls into a mystical basin as celestial entities observe her fate.,"@Lana Solis @Auric Queen Nefer-Glace@Xyla Auris #The Prism-Bleached Basin The Materialization
(This takes you from the void and drops you directly into Lana's opening action)
 Scene: High above the Prism-Bleached Basin, a blinding white salt flat fractured by crystalline veins under a brutal midday sun. Vertigo-inducing freefall.
 Action: Continuing from the purple shards flying through the blinding white void. The white light resolves into the brutal midday sun of the Prism-Bleached Basin. The camera plummets downward at terminal velocity toward the glowing white salt flat. The swirling purple crystals converge rapidly in mid-air, weaving together to form the physical body of Lana, who is plummeting face-first toward the ground. She braces herself for a violent impact, arms outstretched, hurtling directly toward the cracked basin floor.",2739a452-5f09-408c-8a21-e8b0a6a6a8bc,https://watch.showrunnerapp.xyz/storage/v1/object/public/video-assets/video/generated_1789317554290_3oob361n.mp4,https://watch.showrunnerapp.xyz/storage/v1/object/public/videos/generated_1789317554290_3oob361n.png
Cock Kung-Fu: The Legend of Noemotion,Never Forget,15,w8wbg87r6f,"The Emo Kid, Bubar, The Troll Army",The Troll Street,"In a dark urban alley, a quiet youth faces off against a chanting robot troll army and a menacing, muscular cyborg elephant in a surreal standoff of wills.",@The Emo Kid @The Troll Army @Bubar #The Troll Street,82afd60a-87bc-4bdd-be15-85a782fce4ec,https://watch.showrunnerapp.xyz/storage/v1/object/public/video-assets/video/generated_1789514294583_n0g0v6k0.mp4,https://watch.showrunnerapp.xyz/storage/v1/object/public/videos/generated_1789514294583_n0g0v6k0.png
Cock Kung-Fu: The Legend of Noemotion,Market Melee,15,12matt3r,"Noemotion Goldmask, character, Clinic Nurse",Cross Street Market,"A masked vigilante delivers a swift dose of street justice to two unsuspecting targets outside a local market in this high-energy, stylized animated encounter.",@Noemotion Goldmask lays them smack down on @character @Clinic Nurse #Cross Street Market,71830692-4dc3-41dd-976c-1c9fc4d407ee,https://watch.showrunnerapp.xyz/storage/v1/object/public/video-assets/video/generated_1789515096331_jmkzn4u0.mp4,https://watch.showrunnerapp.xyz/storage/v1/object/public/videos/generated_1789515096331_jmkzn4u0.png
Cock Kung-Fu: The Legend of Noemotion,Dr. Chasity's Unusual Appointment,15,12matt3r,"WiFii The Laptop, The Troll Army, Dr. Chasity",,Meet the enigmatic Dr. Chasity as he introduces his peculiar army of robotic minions in this surreal and meme-filled character debut.,"Set: Flat 2D graphic card, retro grindhouse MPAA parody, saturated red background with subtle analog CRT television raster buzz.
Action: Full-frame bold crimson-red title card centered on screen. Stark white sans-serif capital typography reading: ""THE FOLLOWING PREVIEW HAS NOT BEEN APPROVED FOR MATURE AUDIENCES BY THE MOTION PICTURE ASSOCIATION OF AMERICA"".
Audio/Dialogue: ""My name is Dr. Chasity. I hope you’re listening...""
#Primary Location @Dr. Chasity@WiFii The Laptop @The Troll Army",126b3099-b12d-475c-8ec7-6d4c1562d4f6,https://watch.showrunnerapp.xyz/storage/v1/object/public/video-assets/video/generated_1789518524324_qymjm277.mp4,https://watch.showrunnerapp.xyz/storage/v1/object/public/videos/generated_1789518524324_qymjm277.png
Cock Kung-Fu: The Legend of Noemotion,Dr. Chasity's Unusual Appointment – Scene 2,15,12matt3r,,,"A caricature of O.J. Simpson, acting as a mad scientist, vows to shut everything down in a bizarre lab setting.","Set: Interior underground command bunker. Wide 24mm framing, harsh fluorescent laboratory lighting, banks of blue glowing CRT monitors showing live security camera feeds of prison cells. Mixed-media photocollage cutout animation.
Action: Dr. Chasity stands in a shiny metallic silver full-length lab trench coat with a red insignia on the shoulder. To his left stands Rozery George in a black-and-white striped mime jumpsuit and red sunglasses; to the far left, WiFii The Laptop on mechanical treads.
Audio/Dialogue: ""...'cause I will close all of the pussy out there! If I can’t have some, you can’t have some either! No more!""",59a10247-7ff3-4e40-86f5-d1a33a09e85f,https://watch.showrunnerapp.xyz/storage/v1/object/public/video-assets/video/generated_1789519170241_i7sovzov.mp4,
Cock Kung-Fu: The Legend of Noemotion,Dr. Chasity's Unusual Appointment – Scene 4,15,12matt3r,"Instant Lee, Chung Lee",,,"Action: Medium close-up on Instant Lee ’s enlarged, digitized golden mask, face contorting with extreme over-the-top facial expressions while laughing hysterically. Distorted paper-doll mouth animation.
Dialogue: [Maniacal, hysterical villain laughter echoing over surveillance static]  instant Lee having a conversation about intercourse. It’s not going very well.  Instant Lee is a sad mask. Chung Lee is going to Dr. Chassidy. #The Safehouse Apartment @Instant Lee @Chung Lee",7e237746-cec4-4684-a38b-8cc4df969292,https://watch.showrunnerapp.xyz/storage/v1/object/public/video-assets/video/generated_1789520175094_w5t642ob.mp4,
Cock Kung-Fu: The Legend of Noemotion,Dr. Chasity's Unusual Appointment – Scene 5,15,12matt3r,"Instant Lee, Chung Lee",The Safehouse Apartment,,"@Chung Lee @Instant Lee #The Safehouse Apartment Set: Minimalist apartment corner. 35mm side-profile tableau, clean studio lighting with soft shadows against beige brick walls.
Action: Stylized slime-green graffiti text reads ""BY VISIONARY DIRECTOR: ROBERT 'TASK' SMITH"". Scene cuts to a custom matte-black motorcycle with a golden tragedy theater mask mounted as the headlight, resting next to an open white armory closet displaying a yellow martial arts jumpsuit, katana, and firearms rack.
Audio/Dialogue: ""She told me about an evil doctor... Dr. Chasity.""",5317fa78-1bdc-4580-aa10-7ccc92f95c9c,https://watch.showrunnerapp.xyz/storage/v1/object/public/video-assets/video/generated_1789520669938_qrf03mew.mp4,
Cock Kung-Fu: The Legend of Noemotion,The Mask of Chastity,15,12matt3r,"Chung Lee, Instant Lee",The Goldmask Briefing Room,A man in a yellow jumpsuit and a woman with an intense gaze discuss a mysterious evil doctor named Dr. Chastity while handling a golden mask.,"@Chung Lee @Instant Lee #The Safehouse Apartment Set: Minimalist apartment corner. 35mm side-profile tableau, clean studio lighting with soft shadows against beige brick walls.
Action: Stylized slime-green graffiti text reads ""BY VISIONARY DIRECTOR: 12matt3r"". Then Stylized dark red splatter text reads ""From the mind of: Noemotion Goldmask” Scene cuts to a custom matte-black motorcycle with a golden tragedy theater mask mounted as the headlight, resting next to an open white armory closet displaying a yellow martial arts jumpsuit, katana, and firearms rack.
Audio/Dialogue: ""She told me about an evil doctor... Dr. Chasity.""
",e12f3f8a-c948-4a78-93a1-2e8c9d8a5ccc,https://watch.showrunnerapp.xyz/storage/v1/object/public/video-assets/video/generated_1789521589902_iwfcs0w9.mp4,https://watch.showrunnerapp.xyz/storage/v1/object/public/videos/generated_1789521589902_iwfcs0w9.png
Cock Kung-Fu: The Legend of Noemotion,Dr. Chasity's Unusual Appointment – Scene 3,15,12matt3r,"Dr. Chasity, WiFii The Laptop, The Troll Army",Primary Location,A caricature of a villainous figure laughs maniacally in a high-tech surveillance room before being abruptly folded into a paper shirt.,"Set: Dr. Chasity’s command bunker. 50mm portrait perspective, high-contrast studio fill light against dark computer monitors.
Action: Medium close-up on Dr. Chasity’s enlarged, digitized human face contorting with extreme over-the-top facial expressions while laughing hysterically. Distorted paper-doll mouth animation.
Audio/Dialogue: (Maniacal, hysterical villain laughter echoing over surveillance static)",e4cae8ad-6b6b-4fd0-bb24-494796dd64c0,https://watch.showrunnerapp.xyz/storage/v1/object/public/video-assets/video/generated_1789521737497_3pzfekjb.mp4,
Daydream State,Falling Into The Beginning,15,12matt3r,,,"Three surreal entities—a newspaper detective, a clockwork king, and a snake-headed man—descend into a cosmic vortex as they prepare for the universe to unravel.",This is the start the beginning the dream it opens with a never-ending freefall out of existence into whatever this is,5a7b2d43-a3aa-472c-af5d-01fef43366c4,https://watch.showrunnerapp.xyz/storage/v1/object/public/video-assets/video/generated_1789683014725_0b8oscqy.mp4,https://watch.showrunnerapp.xyz/storage/v1/object/public/videos/generated_1789683014725_0b8oscqy.png
Daydream State,The Dream State,15,12matt3r,"Flicker, Nightmare",Primary Location,Explore a surreal landscape where paper-like figures reveal that nightmares and hearts are woven from the fabric of your own thoughts.,And here we are this is your consciousness. Welcome to the dream stay where your nightmares and your hearts are made of whatever you think they are.,68c7e692-9fcd-4232-9bb2-e180c8046fee,https://watch.showrunnerapp.xyz/storage/v1/object/public/video-assets/video/generated_1789682995771_ehm44yt6.mp4,https://watch.showrunnerapp.xyz/storage/v1/object/public/videos/generated_1789682995771_ehm44yt6.png
Daydream State,Falling Into The Beginning – Scene 2,15,12matt3r,"Terror, 1000 snakes, The spider King",Never-ending freefall,"A philosophical dialogue explores the nature of destiny and the unsettling reality of nightmares amidst a backdrop of surreal, animated imagery.","Even whenever your life is falling apart and somehow spirals into where you were exactly supposed to be retake it is interesting, but I’m sure it has its nightmares",7d63f227-134d-4d86-ae1c-6515049c289f,https://watch.showrunnerapp.xyz/storage/v1/object/public/video-assets/video/generated_1789683960616_li2cvhgm.mp4,
DreamOS: REWIND,Dissolving Memories,15,12matt3r,"The Archivist, Channel Zero",The Transmission Vault,"In a vast archive, a lone guardian fights to save a memory fragment from a mysterious entity seeking its total destruction.",$3d,5c76068e-fdbc-417c-ba88-57af72ffe5ff,https://watch.showrunnerapp.xyz/storage/v1/object/public/video-assets/video/generated_1788231647519_s1mzzprn.mp4,https://watch.showrunnerapp.xyz/storage/v1/object/public/videos/generated_1788231647519_s1mzzprn.png
DreamOS: REWIND,Eat the Static,15,12matt3r,"The set, Sloppy, Al",,"Puppets in an underground studio celebrate 38 years of live broadcasting. A quirky life hack about consuming television static reveals a dark, surreal reality.",@Sloppy @Al @The set #The Substratum Studio,59e1b6d8-f6ce-43ab-ae3e-31a415597e49,https://watch.showrunnerapp.xyz/storage/v1/object/public/video-assets/video/generated_1788296709137_byndxp0b.mp4,https://watch.showrunnerapp.xyz/storage/v1/object/public/videos/generated_1788296709137_byndxp0b.png
DreamOS: REWIND,Eat the Static – Scene 2,15,12matt3r,"The set, Sloppy, Al",,Surreal characters face a static breach in a void until a real-world discovery occurs via tape.,@Sloppy @Al @The set #The Substratum Studio,793afb85-5140-437b-8408-9913e30fac69,https://watch.showrunnerapp.xyz/storage/v1/object/public/video-assets/video/generated_1788298539641_eplh85t3.mp4,https://watch.showrunnerapp.xyz/storage/v1/object/public/video-assets/generated-images/vroll_1788296337717_1788296337717_ut817gt5cs.png
DreamOS: REWIND,Eat the Static – Scene 3,15,12matt3r,,,Surreal puppets face an existential nightmare at a haunting playground before an observer abruptly terminates their reality.,"The tape not a hole in the person’s hand, and then the camera follows that liquid from the melt down into the void of existence, passing by playgrounds on the way",c3288333-ce51-49f8-b605-970a13051be0,https://watch.showrunnerapp.xyz/storage/v1/object/public/video-assets/video/generated_1788299121217_0mb3ouet.mp4,https://watch.showrunnerapp.xyz/storage/v1/object/public/video-assets/generated-images/vroll_1788296337717_1788296337717_ut817gt5cs.png
DreamOS: REWIND,Eat the Static – Scene 4,15,12matt3r,"Sloppy, Al, The set",The Substratum Studio,"Characters confront their simulated existence. A cosmic entity triggers a total deletion, dissolving their world until only a single tape remains.",So what are you saying that none of this is real that we’re in a simulation that life as we know it is nothing,7db38028-917b-47b8-be5d-623a7ab55a99,https://watch.showrunnerapp.xyz/storage/v1/object/public/video-assets/video/generated_1788299795851_ttostdfs.mp4,https://watch.showrunnerapp.xyz/storage/v1/object/public/video-assets/generated-images/vroll_1788296337717_1788296337717_ut817gt5cs.png
Driftwave Static,Neon Echoes,15,Killerbrown,"Killerbrown, character 1",The Glitch-Grit Concourse,"Two characters stand in a vibrant, neon-lit gas station, contemplating the final words of those lost to the digital glitches surrounding them.",@Killerbrown @character 1 #The Glitch-Grit Concourse,f74bb960-297c-4c26-8823-70c28e034176,https://watch.showrunnerapp.xyz/storage/v1/object/public/video-assets/video/generated_1790095631544_8rdbfd3n.mp4,https://watch.showrunnerapp.xyz/storage/v1/object/public/videos/generated_1790095631544_8rdbfd3n.png
Fat guy with cheese,The Cheddar Whisperer,15,StarJ64,The Fat Guy,,"A grotesque clown manically devours a massive, oozing block of cheddar cheese in a studio setting.",@The Fat Guy,6f5fdd41-519b-4fa3-a765-0f22a6533976,https://watch.showrunnerapp.xyz/storage/v1/object/public/video-assets/video/generated_1784647106894_kkdswyp5.mp4,https://watch.showrunnerapp.xyz/storage/v1/object/public/videos/generated_1784647106894_kkdswyp5.png
Fat guy with cheese,The Lunar Curd,15,12matt3r,"The great giant cow, The Cockroach Twins, Cheese",The Blue Fermentation Chamber,Sentient cheese and insects witness the arrival of a bovine deity in a dark cellar. A bizarre reunion of the Lunar Curd.,@The great giant cows@The Cockroach Twins@Cheese #The Blue Fermentation Chamber,4f8e53ab-fd08-4c4b-9d16-00d639336ed0,https://watch.showrunnerapp.xyz/storage/v1/object/public/video-assets/video/generated_1787800335010_egobkg7z.mp4,https://watch.showrunnerapp.xyz/storage/v1/object/public/videos/generated_1787800335010_egobkg7z.png
Fat guy with cheese,Floor Cheese,15,w8wbg87r6f,"The Fat Guy, Chester",,"A humanoid cheetah confronts a messy clown over a lunar cheese wheel on a moon base, leading to a tense and bizarre display of dominance.",@Chester @The Fat Guy #Chester's Lunar Sanctuary Chester bullies the fat guy for not eating enough cheese ,f42af023-aa7c-4cf4-b7d1-d9e1e7fb7136,https://watch.showrunnerapp.xyz/storage/v1/object/public/video-assets/video/generated_1787883171280_u5jyisr2.mp4,https://watch.showrunnerapp.xyz/storage/v1/object/public/videos/generated_1787883171280_u5jyisr2.png
Fat guy with cheese,Floor Cheese – Scene 2,15,w8wbg87r6f,"The Cheese Rex, The Fat Guy, Chester",,"A cheese-covered T-Rex erupts in a space museum, confronting a grotesque clown in this bizarre, surreal encounter.",@Chester @The Fat Guy@The Cheese Rex #Chester's Lunar Sanctuary,c63d7564-685a-45c2-a6e2-01fe6c4de707,https://watch.showrunnerapp.xyz/storage/v1/object/public/video-assets/video/generated_1787936119243_rfrhdep5.mp4,https://watch.showrunnerapp.xyz/storage/v1/object/public/videos/generated_1787936119243_rfrhdep5.png
Fat guy with cheese,Floor Cheese – Scene 3,15,w8wbg87r6f,,,"A bizarre showdown unfolds as a cheese-coated T-Rex and a cool leopard fight over a grotesque clown amidst an explosive, melting lunar landscape.",Rex and Chester battle over the fat man,3f866c38-da86-4c31-8243-1dd73b747445,https://watch.showrunnerapp.xyz/storage/v1/object/public/video-assets/video/generated_1787937589305_s4og34df.mp4,https://watch.showrunnerapp.xyz/storage/v1/object/public/video-assets/generated-images/vroll_1787935783886_1787935783886_l3wjzybworm.png
Fat guy with cheese,Floor Cheese – Scene 4,15,w8wbg87r6f,"The Cheese Rex, Chester",,A leopard and T-Rex mourn a friend lost to lethal 'floor cheese' inside a space-age dome.,@Chester@The Cheese Rex #Chester's Lunar Sanctuary Chester cries cause the fat guy exploded,3c570792-91e6-4326-8678-1e1e44a2c282,https://watch.showrunnerapp.xyz/storage/v1/object/public/video-assets/video/generated_1787939145887_jp8tse8n.mp4,https://watch.showrunnerapp.xyz/storage/v1/object/public/videos/generated_1787939145887_jp8tse8n.png
Fat guy with cheese,Floor Cheese – Scene 5,15,w8wbg87r6f,,,Mutant friends watch a crystal cheese god rise from golden curds in a lunar dome before a storm of cheese begins.,Turns out the fat guy isn’t dead he just transformed into a giant crystallized fat guy cheese,5edb7f7e-171d-4fa5-9ca3-c967113691bd,https://watch.showrunnerapp.xyz/storage/v1/object/public/video-assets/video/generated_1787939698472_iotbaqus.mp4,https://watch.showrunnerapp.xyz/storage/v1/object/public/video-assets/generated-images/vroll_1787938877377_1787938877379_ewuv5icqv3o.png
Fat guy with cheese,Floor Cheese – Scene 6,15,w8wbg87r6f,"The Cheese Rex, The Fat Guy, Chester",,"In a lunar lounge, a mutant cheetah and a grotesque clown face a cheese-covered T-Rex's ultimatum: feed the beast or be consumed.",@The Fat Guy @Chester@The Cheese Rex #Chester's Lunar Sanctuary fat guy forms out of the cheese,c750f599-46d1-41ab-bfca-b4df92f8bd1a,https://watch.showrunnerapp.xyz/storage/v1/object/public/video-assets/video/generated_1787940414957_xul2ayyk.mp4,https://watch.showrunnerapp.xyz/storage/v1/object/public/videos/generated_1787940414957_xul2ayyk.png
Fat guy with cheese,Floor Cheese – Scene 7,15,w8wbg87r6f,"Chester, The Cheese Rex, The Fat Guy",Chester's Lunar Sanctuary,"A surreal AI-generated montage featuring grotesque cheese-covered creatures and a T-Rex on a moonbase, satirizing modern digital content slop.",@Chester @The Fat Guy@The Cheese Rex #Chester's Lunar Sanctuary Cheese Rex is annoyed cause this whole fucking scene is ai generated slop,fbc93e63-bdf4-4000-9650-e7214a136bee,https://watch.showrunnerapp.xyz/storage/v1/object/public/video-assets/video/generated_1787943019247_bmixha0k.mp4,https://watch.showrunnerapp.xyz/storage/v1/object/public/videos/generated_1787943019247_bmixha0k.png
Fat guy with cheese,Extra Sharp Justice,15,w8wbg87r6f,"Bobby Fetta, The Fat Guy",,"A cheese-armored bounty hunter tracks a messy clown thief for a final, messy showdown.",@The Fat Guy #The Infinite Green-Screen of Processed Souls@Bobby Fetta meet Bobby Fetta,47b634fc-370b-46c7-9040-1a5eee84adad,https://watch.showrunnerapp.xyz/storage/v1/object/public/video-assets/video/generated_1787951845786_qc37v31o.mp4,https://watch.showrunnerapp.xyz/storage/v1/object/public/videos/generated_1787951845786_qc37v31o.png
Fat guy with cheese,Extra Sharp Justice – Scene 2,15,w8wbg87r6f,,,A clown and a cheese-clad hunter duel on a film set. Grotesque transformations and strange weaponry define this absurdist sci-fi parody.,Fat guy is immortal,3a19c67d-e67f-42f2-8599-5e4591af1185,https://watch.showrunnerapp.xyz/storage/v1/object/public/video-assets/video/generated_1787970674940_avv337m1.mp4,https://watch.showrunnerapp.xyz/storage/v1/object/public/video-assets/generated-images/vroll_1787950771498_1787950771498_yae3ppe4zpk.png
Fat guy with cheese,Extra Sharp Justice – Scene 3,15,w8wbg87r6f,"The Fat Guy, Bobby Fetta",The Infinite Green-Screen of Processed Souls,A grotesque clown with an oozing belly trap absorbs a small armored warrior on a movie set.,Fat guy eats him,2894b75d-1d64-4f4c-bf77-81ae4cc99cdb,https://watch.showrunnerapp.xyz/storage/v1/object/public/video-assets/video/generated_1788014875133_gy4hln6p.mp4,https://watch.showrunnerapp.xyz/storage/v1/object/public/video-assets/generated-images/vroll_1787950771498_1787950771498_yae3ppe4zpk.png
FEVER DREAM,The Unearthing,15,12matt3r,,,"A gaunt, skeletal man traverses a surreal, parched wasteland and begins digging frantically into the dirt.",The wanderer has been walking for forever. He is finding a shack and he’s going to start digging.,0f08e9ab-306b-42b9-90ea-e3b6c9df7c1b,https://watch.showrunnerapp.xyz/storage/v1/object/public/video-assets/video/generated_1788226371729_wv538kxz.mp4,https://watch.showrunnerapp.xyz/storage/v1/object/public/videos/generated_1788226371729_wv538kxz.png
FEVER DREAM,The Unearthing – Scene 2,15,12matt3r,The Wanderer,The Ash-Grain Plateau,"A gaunt figure frantically digs in a wasteland, revealing a dark secret hidden beneath the parched soil.","He gets very deep, but it’s only surface level of emotional trauma",f47b1519-f205-4f6b-b077-b8124351d293,https://watch.showrunnerapp.xyz/storage/v1/object/public/video-assets/video/generated_1788226846844_ss9axuh8.mp4,https://watch.showrunnerapp.xyz/storage/v1/object/public/video-assets/generated-images/vroll_1788226094767_1788226094767_3vy068ctcwx.png
FEVER DREAM,Technically a Coma,15,12matt3r,"The set, Sloppy, Al",,"A psychedelic trio hosts a chaotic, neon-drenched variety show deep inside a subconscious mind during a coma.",@Sloppy @Al @The set #The Signal Grotto,de39bedf-bd0f-4957-808d-5328b1792085,https://watch.showrunnerapp.xyz/storage/v1/object/public/video-assets/video/generated_1788296724953_93w3nkau.mp4,https://watch.showrunnerapp.xyz/storage/v1/object/public/videos/generated_1788296724953_93w3nkau.png
FEVER DREAM,Technically a Coma – Scene 2,15,12matt3r,"The set, Sloppy, Al",,Bizarre characters in a room filled with monitors grapple with a leaking signal that triggers a surreal collective coma and existential chaos.,@Sloppy @Al @The set #The Signal Grotto,7e9e0e81-8f8d-400b-a347-197491d77c46,https://watch.showrunnerapp.xyz/storage/v1/object/public/video-assets/video/generated_1788298212777_ptpz0ixa.mp4,https://watch.showrunnerapp.xyz/storage/v1/object/public/video-assets/generated-images/vroll_1788296425428_1788296425429_7glp8enreg8.png
FEVER DREAM,Technically a Coma – Scene 3,15,12matt3r,"The set, Sloppy, Al",,A surreal talk show descends into chaos when a guest discovers the set is literally consuming sound.,@Sloppy @Al @The set #The Signal Grotto,3466f974-b495-408f-af34-5cc09e14dab3,https://watch.showrunnerapp.xyz/storage/v1/object/public/video-assets/video/generated_1788300155169_b6v090vv.mp4,https://watch.showrunnerapp.xyz/storage/v1/object/public/video-assets/generated-images/vroll_1788296425428_1788296425429_7glp8enreg8.png
FEVER DREAM,Technically a Coma – Scene 4,15,12matt3r,"Sloppy, Al, The set",The Signal Grotto,Bizarre inhabitants face a chaotic system update inside a failing cosmic vacuum tube.,The camera flies all around like a bee and then goes down sloppy’s throat into pitch black,ce8d4bf2-40a1-4704-8b73-2121450128c6,https://watch.showrunnerapp.xyz/storage/v1/object/public/video-assets/video/generated_1788300661935_0t986buf.mp4,https://watch.showrunnerapp.xyz/storage/v1/object/public/video-assets/generated-images/vroll_1788296425428_1788296425429_7glp8enreg8.png
First-Person Survival.exe,Protocol: Crash,15,12matt3r,"The Survivor (100% POV), Mr fun computer, Simon",,"After a plane goes down in a dark jungle, survivors rush through the mud and rain to secure a mysterious bunker hatch before it's too late.",@The Survivor (100% POV) @Mr fun computer @Simon#THE CRASH SITE MUD crash land on  the island from a airplane ￼,2118dc7a-4906-489f-bbdd-6ce791915533,https://watch.showrunnerapp.xyz/storage/v1/object/public/video-assets/video/generated_1780964943960_0p0m21jy.mp4,https://watch.showrunnerapp.xyz/storage/v1/object/public/videos/generated_1780964943960_0p0m21jy.png
First-Person Survival.exe,Brace for Impact,15,12matt3r,"Pinki, The Survivor (100% POV), Simon",,"Chaos erupts as a plane experiences a terrifying malfunction, forcing the crew and quirky passengers to prepare for a crash landing on a mysterious island.",@The Survivor (100% POV)@Pinki @Simon crashing in an airplane on the island,ec9aca3c-89cc-4ff0-a466-01c7da55cc3c,https://watch.showrunnerapp.xyz/storage/v1/object/public/video-assets/video/generated_1780964944161_xuqxmynw.mp4,https://watch.showrunnerapp.xyz/storage/v1/object/public/videos/generated_1780964944161_xuqxmynw.png
First-Person Survival.exe,Protocol: Crash – Scene 2,15,12matt3r,,,"Amidst a jungle explosion, a survivor forces his way through a high-tech portal, escaping into a mysterious and sterile futuristic facility.",Try breaking into the hatch as the airplane explodes off in the distance,c3a5304d-0c07-4549-b123-0523bf718d42,https://watch.showrunnerapp.xyz/storage/v1/object/public/video-assets/video/generated_1780965481042_b9eyt2f4.mp4,https://watch.showrunnerapp.xyz/storage/v1/object/public/video-assets/generated-images/vroll_1780964457468_1780964457469_rtlrezgqqgc.png
First-Person Survival.exe,Brace for Impact – Scene 2,15,12matt3r,"The Survivor (100% POV), Fun bot, Sky",,"Awakening in a decaying industrial abyss, a survivor witnesses the terrifying end of their world as the simulation begins to fracture. Fear grips the air—there is no escape.",@The Survivor (100% POV)@Fun bot @Sky while the survivor gets his wits about him he sees sky crying praying for help and fun bot stating of the world is ending and they’re all gonna die,db85b22c-005a-403f-a69d-9cd466130824,https://watch.showrunnerapp.xyz/storage/v1/object/public/video-assets/video/generated_1780965952462_t6cdtu2z.mp4,https://watch.showrunnerapp.xyz/storage/v1/object/public/videos/generated_1780965952462_t6cdtu2z.png
First-Person Survival.exe,Protocol: Crash – Scene 3,15,12matt3r,,,"An elite soldier and two strange creatures race through a clinical hallway that suddenly floods with blood, leading them into a mysterious jungle.",Running down the hallway they find victims massacre just off camera they walked into a slaughterhouse,cc53c345-291d-4bfd-9a7a-a5c489c3a249,https://watch.showrunnerapp.xyz/storage/v1/object/public/video-assets/video/generated_1780966032921_ie7znt43.mp4,https://watch.showrunnerapp.xyz/storage/v1/object/public/video-assets/generated-images/vroll_1780964457468_1780964457469_rtlrezgqqgc.png
First-Person Survival.exe,Brace for Impact – Scene 3,15,12matt3r,Sky,,"A mysterious broadcast in a derelict basement reveals a man in stasis, triggering a strange transformation in the observer's hands as eerie figures watch on.",The television screen flickers sporadically you can hear screams and crying all goes white everyone except for the survivor freeze he walks around and looks at them puzzled,009e1596-fd49-41bd-8210-ff365e6b5d4e,https://watch.showrunnerapp.xyz/storage/v1/object/public/video-assets/video/generated_1780966468998_wckuus45.mp4,https://watch.showrunnerapp.xyz/storage/v1/object/public/video-assets/generated-images/vroll_1780965670424_1780965670425_auaemfngk0s.png
First-Person Survival.exe,Protocol: Crash – Scene 4,15,12matt3r,"Mr fun computer, Simon",THE CRASH SITE MUD,"A rugged survivor and his strange companions wake up in a dark jungle, realization dawning that their situation is far from divine as one faces a digital end.",Everyone except for the survivor dies at the same time then look at him in unison and say I guess this means we’re not going to heaven,1efb5f00-fdac-4d7e-be91-56d9d6105f4a,https://watch.showrunnerapp.xyz/storage/v1/object/public/video-assets/video/generated_1780966725950_hf0940on.mp4,https://watch.showrunnerapp.xyz/storage/v1/object/public/video-assets/generated-images/vroll_1780964457468_1780964457469_rtlrezgqqgc.png
First-Person Survival.exe,Dead End,15,StarJ64,"The Survivor (100% POV), Lanky Cranky",,"A soldier attempts to blast his way past a haunting creature in a dark facility, only to find the exit barred.",@The Survivor (100% POV) @Lanky Cranky the survivor has a bomb and throws it at lanky and runs #THE CONTROL ROOM,11afec15-b725-43bd-9ae0-c46237a702d6,https://watch.showrunnerapp.xyz/storage/v1/object/public/video-assets/video/generated_1781316158799_etxi7pmy.mp4,https://watch.showrunnerapp.xyz/storage/v1/object/public/videos/generated_1781316158799_etxi7pmy.png
First-Person Survival.exe,Dead End – Scene 2,15,StarJ64,"The Survivor (100% POV), Lanky Cranky",THE CONTROL ROOM,"A survivor flees a monstrous blue creature in a dark facility, desperately seeking an exit.",@The Survivor (100% POV) @Lanky Cranky survovor runs,ff3d0281-a927-4151-880b-124672642ce4,https://watch.showrunnerapp.xyz/storage/v1/object/public/video-assets/video/generated_1781421825789_bmdn09tf.mp4,https://watch.showrunnerapp.xyz/storage/v1/object/public/videos/generated_1781421825789_bmdn09tf.png
First-Person Survival.exe,Button Eyes,15,StarJ64,"The Survivor (100% POV), Dizzy Lizzy",,"A survivor descends into a dark hatch to escape a predatory monster. The multi-armed creature reaches after them, promising to follow.",@The Survivor (100% POV) @Dizzy Lizzy survivor running from lizzy as he find a rope and gous down the roof ,0bde550e-2f8d-4e69-acc4-0008c24d266e,https://watch.showrunnerapp.xyz/storage/v1/object/public/video-assets/video/generated_1783191881026_zwi26tx3.mp4,https://watch.showrunnerapp.xyz/storage/v1/object/public/videos/generated_1783191881026_zwi26tx3.png
First-Person Survival.exe,Pasta Portal Jump,15,12matt3r,12matt3r,,A man in a surreal world of pasta and giant ants shouts pangrams before leaping into a cosmic portal.,$43,9b138c5d-7a7f-466f-b243-47d767fb8a78,https://watch.showrunnerapp.xyz/storage/v1/object/public/video-assets/video/generated_1784645943173_6bzby4ib.mp4,https://watch.showrunnerapp.xyz/storage/v1/object/public/videos/generated_1784645943173_6bzby4ib.png
First-Person Survival.exe,Signal Locked,15,Killerbrown,"Saiku, Fun bot, Lanky Cranky",THE CRT CONSOLE,"In a gritty basement, a man and his robotic ally flee a sharp-toothed beast by diving into a glowing TV.",@Saiku @Fun bot @Lanky Cranky#,085a4328-3998-4073-822b-c67b4a7236ad,https://watch.showrunnerapp.xyz/storage/v1/object/public/video-assets/video/generated_1789142554452_2mgeokay.mp4,https://watch.showrunnerapp.xyz/storage/v1/object/public/videos/generated_1789142554452_2mgeokay.png
G-O-D-Z-L-A-N-D,Vantage Point,15,12matt3r,Vantage,,"A masked contestant refuses to name his weakest rival, challenging the game's mysterious authorities.","@Vantage #The confessional booth Scene & Action: Vantage—the one with the fortress-like structure on top of his head—sits perfectly still while corrupted Viewer Favor numbers crawl across the monitor beside him. The producer tries to provoke him into criticizing the others.

Dialogue:

PRODUCER: “Vantage, who do you think is the weakest contestant?”

VANTAGE: “You want a name?”

PRODUCER: “The audience does.”

Vantage looks toward the camera.

VANTAGE: “Then let the audience come down here and pick one.”

PRODUCER: “That’s not how the game works.”

VANTAGE: “Exactly.”",89883de1-6754-4766-8108-3e2c74f9d257,https://watch.showrunnerapp.xyz/storage/v1/object/public/video-assets/video/generated_1788550023451_i5ln47ts.mp4,https://watch.showrunnerapp.xyz/storage/v1/object/public/videos/generated_1788550023451_i5ln47ts.png
G-O-D-Z-L-A-N-D,Cold Instincts,15,12matt3r,Kodiak,,"Kodiak, an intense polar bear, shares his disdain for humanity during a tense interview, expressing a chilling desire for violence.","@Kodiak #The confessional booth Scene & Action: Kodiak—the bear—is crammed into the confessional chair, visibly annoyed by the tiny setup. He’s covered in stadium debris and keeps staring toward the door like he’d rather be fighting. The producer tries to get an emotional reality-TV moment out of him.

Dialogue:

PRODUCER: “Kodiak, what’s been the hardest part of this experience?”

Kodiak thinks about it.

KODIAK: “The people.”

PRODUCER: “Your teammates?”

KODIAK: “You.”

Kodiak stares directly into the camera.

KODIAK: “Can I go kill something now?”
",32d22dcf-d827-4dce-b474-2c44109f98fa,https://watch.showrunnerapp.xyz/storage/v1/object/public/video-assets/video/generated_1788550074260_zoc1g6us.mp4,https://watch.showrunnerapp.xyz/storage/v1/object/public/videos/generated_1788550074260_zoc1g6us.png
G-O-D-Z-L-A-N-D,Better Shields,15,12matt3r,Orbit,,Masked fighter Orbit monitors his popularity and dismisses a teammate's defeat from a gritty storage room hideout.,"@Orbit #The confessional booth Scene & Action: Orbit sits comfortably in the confessional despite the chaos outside. His Viewer Favor is climbing, and he’s clearly enjoying the competition more than he should. A monitor shows another contestant losing points.

Dialogue:

PRODUCER: “Orbit, some viewers think you’re being selfish.”

ORBIT: “Some?”

PRODUCER: “You used your teammate as a shield.”

ORBIT: “And?”

PRODUCER: “He lost twelve percent Viewer Favor.”

Orbit looks straight into the camera.

ORBIT: “Sounds like he should’ve been a better shield.”",0f3ab03a-50a7-4bd8-9537-6fcb3bed6d89,https://watch.showrunnerapp.xyz/storage/v1/object/public/video-assets/video/generated_1788550113680_xzvloht0.mp4,https://watch.showrunnerapp.xyz/storage/v1/object/public/videos/generated_1788550113680_xzvloht0.png
G-O-D-Z-L-A-N-D,Under the Monster,15,12matt3r,Hertz,,A mysterious masked warrior rejects his 'underdog' label during an intense and gritty interview.,"@Hertz #The confessional booth Scene & Action: Hertz appears in the chair immediately after nearly being crushed by the juggernaut. He’s exhausted, furious, breathing hard, and still trying to process the fact that his near-death experience was turned into entertainment.

Dialogue:

PRODUCER: “Hertz, viewers are calling you the underdog. Thoughts?”

HERTZ: “I was under a fucking monster.”

PRODUCER: “But the audience really connected with your vulnerability.”

Hertz stares at the camera.

HERTZ: “Tell the audience to come help next time.”",eb5fc4f4-377e-4690-ab5b-7f45f6e3067a,https://watch.showrunnerapp.xyz/storage/v1/object/public/video-assets/video/generated_1788550130815_ytu6i8yt.mp4,https://watch.showrunnerapp.xyz/storage/v1/object/public/videos/generated_1788550130815_ytu6i8yt.png
G-O-D-Z-L-A-N-D,Fatal Favor,15,12matt3r,Hertz,The confessional booth,"Hertz's life rests on a 57% audience approval rating, illustrating a grim reality where public favor determines survival.","#The confessional booth@Hertz Scene & Action: Hertz is pulled into the confessional while the Viewer Favor rankings are turning against him. He keeps glancing toward the scoreboard visible on a monitor beside the camera, watching his percentage continue to fall.

Dialogue:

PRODUCER: “Hertz, are you worried the audience doesn’t like you?”

HERTZ: “No.”

His Viewer Favor drops again.

HERTZ: “…How many people are watching?”

PRODUCER: “Why does that matter?”

Hertz looks directly into the camera.

HERTZ: “Because apparently they get to decide if I fucking live.”
",1675e1d5-171a-4b88-9741-bad40ebc2941,https://watch.showrunnerapp.xyz/storage/v1/object/public/video-assets/video/generated_1788550219849_n0ed3jkl.mp4,https://watch.showrunnerapp.xyz/storage/v1/object/public/videos/generated_1788550219849_n0ed3jkl.png
G-O-D-Z-L-A-N-D,Below the Beam,15,12matt3r,"Allen, Hertz, Null",,"After a hard fall into the sewers, a masked man with ember-like hair hopes the narrow tunnels provide safety from a mysterious beam.","@Allen @Null @Hertz #Exterior Stadium Concourse. Scene & Action: Allen has just rescued Hertz from the juggernaut. Hertz is badly hurt and struggling to move. Allen supports him as they rush through the stadium entrance toward the underground tunnels. Null follows behind, watching their backs. A red orbital targeting beam sweeps across the entrance behind them, forcing all three to dive through the doorway just before it strikes. They scramble deeper underground as the stadium broadcast fades behind them.

Dialogue:

HERTZ: “I can walk.”

ALLEN: “Then walk faster.”

NULL: “Move. It’s still tracking us.”

HERTZ: “Where’s Orbit?”

NULL: “Ahead. Go!”

A targeting alarm screams.

ALLEN: “DOWN!”

They dive through the service entrance as the beam hits behind them.",c53dad1b-cdc0-493e-9add-a39705ce9b40,https://watch.showrunnerapp.xyz/storage/v1/object/public/video-assets/video/generated_1788550845334_774xugnb.mp4,https://watch.showrunnerapp.xyz/storage/v1/object/public/videos/generated_1788550845334_774xugnb.png
G-O-D-Z-L-A-N-D,Shadows of the Underworld,15,12matt3r,"Allen, Hertz, Null",,"In a dark sewer, masked survivors recover from battle, but an ominous presence suggests their fight is far from over.","@AllenAllen @NullNull@HertzHertz #Interior sewer runoff Scene & Action: The three stumble deeper into the sewer after escaping the stadium. Hertz collapses against the wall, forcing them to stop. Allen checks him while Null watches the tunnel behind them. For the first time, there are no scoreboards, no cheering, and no announcer—just dripping water and their breathing. They think they’ve finally escaped the broadcast. Then a faint red glow flickers across the wet tunnel wall.

Dialogue:

HERTZ: “Tell me we’re done.”

ALLEN: “We’re alive.”

HERTZ: “That wasn’t my question.”

Null notices the red reflection.

NULL: “Quiet.”

ALLEN: “What?”

Null looks toward the darkness.

NULL: “We’re not alone.”",7149c1ed-f209-40eb-aeaa-0a681e3f43ed,https://watch.showrunnerapp.xyz/storage/v1/object/public/video-assets/video/generated_1788550864207_ta1r6j7g.mp4,https://watch.showrunnerapp.xyz/storage/v1/object/public/videos/generated_1788550864207_ta1r6j7g.png
G-O-D-Z-L-A-N-D,The Underground Signal,15,12matt3r,"Allen, Hertz, Null",,"Masked figures find a live broadcast signal in a dark, mysterious sewer.","#Interior sewer runoffInterior sewer runoff @AllenAllen @NullNullScene & Action: The red glow strengthens. Null follows it to a tiny corrupted LIVE indicator flickering against the sewer wall. Allen and Hertz realize the stadium cameras never stopped following them. Far above, the muffled game-show announcer suddenly bleeds through the tunnel speakers. Null slowly looks directly toward the impossible hidden camera.

Dialogue:

ANNOUNCER, distant: “WHAT. AN. EPISODE!”

HERTZ: “No…”

ALLEN: “How the hell is it down here?”

Null stares directly into the hidden camera.

NULL: “It’s still broadcasting.”

The red LIVE indicator glitches violently as the scene cuts out.@Hertz",ddf84d98-3764-4c4a-86d6-45537a69e545,https://watch.showrunnerapp.xyz/storage/v1/object/public/video-assets/video/generated_1788550961953_gh3r2vql.mp4,https://watch.showrunnerapp.xyz/storage/v1/object/public/videos/generated_1788550961953_gh3r2vql.png
G-O-D-Z-L-A-N-D,Sector 7,15,12matt3r,"Allen, Hertz, Null",Exterior Stadium Concourse,Masked survivors flee a high-security zone under lethal laser fire. They barely reach the safety of Sector 7 before a massive blast levels the entrance.,"@Allen @Null@Hertz #Exterior Stadium Concourse. Scene & Action: Allen has just rescued Hertz from the juggernaut. Hertz is badly hurt and struggling to move. Allen supports him as they rush through the stadium entrance toward the underground tunnels. Null follows behind, watching their backs. A red orbital targeting beam sweeps across the entrance behind them, forcing all three to dive through the doorway just before it strikes. They scramble deeper underground as the stadium broadcast fades behind them.

Dialogue:

HERTZ: “I can walk.”

ALLEN: “Then walk faster.”

NULL: “Move. It’s still tracking us.”

HERTZ: “Where’s Orbit?”

NULL: “Ahead. Go!”

A targeting alarm screams.

ALLEN: “DOWN!”

They dive through the service entrance as the beam hits behind them.",5eb96ddb-37e7-436e-9762-a9bfcf5ae815,https://watch.showrunnerapp.xyz/storage/v1/object/public/video-assets/video/generated_1788553447536_9o8p67yn.mp4,https://watch.showrunnerapp.xyz/storage/v1/object/public/videos/generated_1788553447536_9o8p67yn.png
G-O-D-Z-L-A-N-D,Echoes in the Deep,15,12matt3r,"Allen, Hertz, Null",,Masked survivors rest in a dark sewer until an ominous red light reveals they aren't alone.,"@AllenAllen @NullNull@HertzHertz #Interior sewer runoff Scene & Action: The three stumble deeper into the sewer after escaping the stadium. Hertz collapses against the wall, forcing them to stop. Allen checks him while Null watches the tunnel behind them. For the first time, there are no scoreboards, no cheering, and no announcer—just dripping water and their breathing. They think they’ve finally escaped the broadcast. Then a faint red glow flickers across the wet tunnel wall.

Dialogue:

HERTZ: “Tell me we’re done.”

ALLEN: “We’re alive.”

HERTZ: “That wasn’t my question.”

Null notices the red reflection.

NULL: “Quiet.”

ALLEN: “What?”

Null looks toward the darkness.

NULL: “We’re not alone.”",7c96e35d-777c-460c-ba88-bee3b8e328c3,https://watch.showrunnerapp.xyz/storage/v1/object/public/video-assets/video/generated_1788553306205_ws6jlomj.mp4,https://watch.showrunnerapp.xyz/storage/v1/object/public/videos/generated_1788553306205_ws6jlomj.png
G-O-D-Z-L-A-N-D,Sunken Minds,15,12matt3r,"Allen, Null",,"A masked warrior faces a mental breakdown in a dark, flooded urban tunnel. Amidst smoke and embers, a mysterious voice provides a grounding reality check.",#Interior sewer runoff @Allen @Null@h,97e0bb8d-fd36-4424-a546-bf891157404e,https://watch.showrunnerapp.xyz/storage/v1/object/public/video-assets/video/generated_1788553347590_r8r6wipi.mp4,https://watch.showrunnerapp.xyz/storage/v1/object/public/videos/generated_1788553347590_r8r6wipi.png
G-O-D-Z-L-A-N-D,Dead Air Underground,15,12matt3r,"Allen, Null, Hertz",Interior sewer runoff,"Three masked, superpowered individuals discover a live broadcast signal deep within a city's sewers, hinting at a hidden surveillance operation.","@Allen @Null@Hertz #Interior sewer runoff Scene & Action: The red glow strengthens. Null follows it to a tiny corrupted LIVE indicator flickering against the sewer wall. Allen and Hertz realize the stadium cameras never stopped following them. Far above, the muffled game-show announcer suddenly bleeds through the tunnel speakers. Null slowly looks directly toward the impossible hidden camera.

Dialogue:

ANNOUNCER, distant: “WHAT. AN. EPISODE!”

HERTZ: “No…”

ALLEN: “How the hell is it down here?”

Null stares directly into the hidden camera.

NULL: “It’s still broadcasting.”

The red LIVE indicator glitches violently as the scene cuts out.",b029d7a6-1dae-4828-9b51-e0fb9d9f3d91,https://watch.showrunnerapp.xyz/storage/v1/object/public/video-assets/video/generated_1788553505659_s534lbcw.mp4,https://watch.showrunnerapp.xyz/storage/v1/object/public/videos/generated_1788553505659_s534lbcw.png
Garbage blossoms,The Folded Nave,15,12matt3r,"12matt3r, The Ocular Oracle, Maren Dusthollow",The Tesseract Nave,"When a cosmic portal begins to collapse, a flamboyant performer challenges a mechanical deity's dark vision by attempting to restore order through a mystical dance.",@Maren Dusthollow @The Ocular Oracle  @12matt3r# #The Tesseract Nave,fd9238d5-0969-4411-b81e-262d6fe10115,https://watch.showrunnerapp.xyz/storage/v1/object/public/video-assets/video/generated_1787809865971_f2e2jukj.mp4,https://watch.showrunnerapp.xyz/storage/v1/object/public/videos/generated_1787809865971_f2e2jukj.png
Grand Theft auto,Viral Vengeance,15,12matt3r,"Mariana 'Mamba' Mendez, Sora 'Pixel' Nakano, Noemotion Goldmask",,A masked man's night takes a dark turn when two mysterious women deliver an ominous warning about his viral status.,@Sora 'Pixel' Nakano and @Mariana 'Mamba' Mendez twerking on Noemotion and giving him a lapdance @Noemotion Goldmask #The Neon Grotto Social Club,58ce54e0-dfb3-40ee-8085-75bd8add4d82,https://watch.showrunnerapp.xyz/storage/v1/object/public/video-assets/video/generated_1788214091545_pt47wyfa.mp4,https://watch.showrunnerapp.xyz/storage/v1/object/public/videos/generated_1788214091545_pt47wyfa.png
Grand Theft auto,The Inevitable Outcome,15,12matt3r,"Kai 'Big K' Thorne, AL",,"In a sunny parking lot, a massive, tattooed man holds a cynical puppet who claims the man's angry reaction was statistically inevitable.","@Kai 'Big K' Thorne has decided to fight @AL whether he likes it or not, that’s sarcastic. This is really coming back to bite him. #The Mami's Market Plaza",b17016ca-9d90-4731-bc42-0b821618cb79,https://watch.showrunnerapp.xyz/storage/v1/object/public/video-assets/video/generated_1788214446361_v3g8v0xs.mp4,https://watch.showrunnerapp.xyz/storage/v1/object/public/videos/generated_1788214446361_v3g8v0xs.png
Grand Theft auto,Viral Vengeance – Scene 2,15,12matt3r,"Mariana 'Mamba' Mendez, Sora 'Pixel' Nakano, Noemotion Goldmask",,A masked man in a neon lounge receives a chilling warning from two mysterious women: his viral fame will be his last bit of luck tonight.,@Sora 'Pixel' Nakano and @Mariana 'Mamba' Mendez twerking on Noemotion and giving him a lapdance @Noemotion Goldmask #The Neon Grotto Social Club,c1520166-98cb-411a-bfd8-1f9e4b292cc9,https://watch.showrunnerapp.xyz/storage/v1/object/public/video-assets/video/generated_1788214760669_vqjtgmyx.mp4,https://watch.showrunnerapp.xyz/storage/v1/object/public/video-assets/generated-images/vroll_1788213699046_1788213699047_0ajhczwd3g87.png
Grand Theft auto,Viral Vengeance – Scene 2,15,12matt3r,"Mariana 'Mamba' Mendez, Sora 'Pixel' Nakano, Noemotion Goldmask",,A masked man is forced into a cartel delivery in a neon club. He receives a USB and a death threat as his stream grows.,@Sora 'Pixel' Nakano and @Mariana 'Mamba' Mendez twerking on Noemotion and giving him a lapdance @Noemotion Goldmask #The Neon Grotto Social Club,ddba15c9-8e7d-4e6d-8165-8897101a4738,https://watch.showrunnerapp.xyz/storage/v1/object/public/video-assets/video/generated_1788215309215_7yw325xh.mp4,https://watch.showrunnerapp.xyz/storage/v1/object/public/videos/generated_1788215309215_7yw325xh.png
Grand Theft auto,The Inevitable Outcome – Scene 2,15,12matt3r,"Kai 'Big K' Thorne, AL, Sloppy",The Mami's Market Plaza,"A toy car stunt goes wrong, leaving a man injured while puppets offer grim medical statistics.","@Kai 'Big K' Thorne goes to hit @AL but out of nowhere @Sloppy run him over with his children’s size car, ripping one of his legs off #The Mami's Market Plaza",ceaa52fa-2b2b-4926-a9ad-ef06f6e456d0,https://watch.showrunnerapp.xyz/storage/v1/object/public/video-assets/video/generated_1788215544395_uy95wr4s.mp4,https://watch.showrunnerapp.xyz/storage/v1/object/public/videos/generated_1788215544395_uy95wr4s.png
Grand Theft auto,Viral Vengeance – Scene 3,15,12matt3r,,,A masked dealer defies a high-stakes transaction in a neon underworld. A hidden device triggers an abrupt lockdown.,"My car didn’t tell me to do anything so I don’t know what the fuck y’all talking about if y’all trying to get a package I got one right here for you, but I ain’t moving shit",315737cd-e543-4c4d-9e47-3f970003d215,https://watch.showrunnerapp.xyz/storage/v1/object/public/video-assets/video/generated_1788216039565_x82cp0j4.mp4,https://watch.showrunnerapp.xyz/storage/v1/object/public/video-assets/generated-images/vroll_1788213699046_1788213699047_0ajhczwd3g87.png
Grand Theft auto,The Inevitable Outcome – Scene 3,15,12matt3r,"Silas 'Glitch' Sterling, Julian 'Jules' Beaumont, Otis 'The Architect' Miller",The Cypress Bayou Overlook,"Two associates and a robot rush to delete a viral, graphic hit-and-run video that threatens their underworld dealings.",@Silas 'Glitch' Sterling is getting drunk with @Julian 'Jules' Beaumont and smoking cigars with @Otis 'The Architect' Miller #The Cypress Bayou Overlook,5217a493-2d87-4a6d-a7dd-1a62e9b17ea0,https://watch.showrunnerapp.xyz/storage/v1/object/public/video-assets/video/generated_1788216269303_pkqylobe.mp4,https://watch.showrunnerapp.xyz/storage/v1/object/public/videos/generated_1788216269303_pkqylobe.png
Grand Theft auto,Viral Vengeance – Scene 4,15,12matt3r,"Sora 'Pixel' Nakano, Mariana 'Mamba' Mendez",,"A masked man leads a high-tech operation in a neon-lit club, using specialized devices to bypass security systems.","I wouldn’t pay a bitch attention if her name was attention and she was sucking my dick and I was paying her for that in fact, I’m gonna go run over some hookers anybody wanna join?",08fd9588-7343-418b-b206-792efaab8511,https://watch.showrunnerapp.xyz/storage/v1/object/public/video-assets/video/generated_1788216691522_9jvomles.mp4,https://watch.showrunnerapp.xyz/storage/v1/object/public/video-assets/generated-images/vroll_1788213699046_1788213699047_0ajhczwd3g87.png
Grand Theft auto,Viral Vengeance – Scene 5,15,12matt3r,"Sofia 'Scoot' Reyes, Noemotion Goldmask, Sloppy",,"A ragtag trio escapes a facility with a stolen drive fused to a teammate, sparking a high-speed chase through neon-lit streets.","@Sofia 'Scoot' Reyes is absolutely in love with @Sloppy and while walking into the strip club, they accidentally bumped into @Noemotion Goldmask sloppy jumps up, pulls no emotion out of the Guns Way, Sophia slammed the door real quick and then all three jump on Sophia, scooter and ride off into the sunset together #The Neon Grotto Social Club",23e3a6ea-4eb4-4ff1-91ae-8bfce49ceadd,https://watch.showrunnerapp.xyz/storage/v1/object/public/video-assets/video/generated_1788217796580_8t71lywv.mp4,https://watch.showrunnerapp.xyz/storage/v1/object/public/videos/generated_1788217796580_8t71lywv.png
Grand Theft auto,Viral Vengeance – Scene 6,15,12matt3r,Sofia 'Scoot' Reyes,The Neon Grotto Social Club,"Friends on a scooter navigate a glitching digital world, escaping through a crumbling neon cityscape into the unknown.","[1:15 - 1:30]
VISUAL: TV Screen. The convertible crashes into a gas station. A massive explosion erupts, but the fire renders as bright green water. An upside-down police cruiser slides into frame on its roof at 80mph.
AUDIO: [Deafening, bass-boosted explosion sound that abruptly glitches into a liquid splashing noise. Police sirens wailing backward]",da9fbaf7-8444-4112-8686-4d530b556def,https://watch.showrunnerapp.xyz/storage/v1/object/public/video-assets/video/generated_1788218362454_r77owbbz.mp4,https://watch.showrunnerapp.xyz/storage/v1/object/public/video-assets/generated-images/vroll_1788217358406_1788217358406_36i333eizrt.png
Grand Theft auto,Viral Vengeance – Scene 7,15,12matt3r,"Noemotion Goldmask, Elena 'Gills' Morales, Sloppy",Vice City Waterfront Strip,"Under city lights, a masked man and his companion encounter a mysterious woman who claims to be their informant.",@Noemotion Goldmask  ￼@Elena 'Gills' Morales @Sloppy are hiding from the police￼ #Vice City Waterfront Strip,3363018e-9bb9-418f-97d9-e34d23232559,https://watch.showrunnerapp.xyz/storage/v1/object/public/video-assets/video/generated_1788221083059_yovnhxmc.mp4,https://watch.showrunnerapp.xyz/storage/v1/object/public/videos/generated_1788221083059_yovnhxmc.png
Gridwalker: The Last Mirage,Immaculate Exit,15,12matt3r,,,"Two cosmic entities bid the viewer farewell as they prepare to transition to a vibrant new dimension, offering a meta-commentary on the audience's experience.","@Gry-Venn@Fizlo the Glitch-Kin #The Gilded Rim of the Celestial Crucible hi guys we’re currently recording the next world tour, but we just wanted to say thank you for enjoying our tour of overstimulated ollies universe and wanna say thank you for the support I know the showrunner appreciates it, and it keeps him off our backs. until next time",36afdb92-7bb0-40e8-9e52-c56a6e3b5aac,https://watch.showrunnerapp.xyz/storage/v1/object/public/video-assets/video/generated_1788463636899_wy3zobqn.mp4,https://watch.showrunnerapp.xyz/storage/v1/object/public/videos/generated_1788463636899_wy3zobqn.png
Gridwalker: The Last Mirage,Immaculate Exit – Scene 2,15,12matt3r,"Al, Sloppy",The Gilded Rim of the Celestial Crucible,,$3c,54769f88-c8d8-44d5-a6a3-bab46b399de7,https://watch.showrunnerapp.xyz/storage/v1/object/public/video-assets/video/generated_1788464826937_ulvwbujy.mp4,https://watch.showrunnerapp.xyz/storage/v1/object/public/video-assets/generated-images/vroll_1788463280817_1788463280817_3kme5lhppez.png
House party,Waking the Archive – Scene 14,15,12matt3r,,,"A trippy, anthropomorphic house invites viewers to an eternal house party before its reality shatters in a surreal, psychedelic display.",Very calm while breaking the fourth wall he says good night everybody we hope you’ll join us for another house party. You’re always invited and you’re on the list Mikasa Tsukasa my house is your house.,c0ec4401-d7d5-4c2f-9277-84e44af7e267,https://watch.showrunnerapp.xyz/storage/v1/object/public/video-assets/video/generated_1781225854790_ysope47q.mp4,https://watch.showrunnerapp.xyz/storage/v1/object/public/video-assets/generated-images/vroll_1781222684187_1781222684188_87xtgckfwds.png
House party,Waking the Archive – Scene 15,15,12matt3r,"BPM-Bungalow, Echo-Frame",The Chamber of Domestic Echoes,"A surreal, chaotic whirlpool of animated characters spins until it shatters, revealing a pair of glowing, rhythmic headphones.","Screaming, spinning, tornado confusion, nonsense, screaming yelling",85cc0e9d-1845-417c-89ed-a947df4bf056,https://watch.showrunnerapp.xyz/storage/v1/object/public/video-assets/video/generated_1781226392386_o50zp51d.mp4,https://watch.showrunnerapp.xyz/storage/v1/object/public/video-assets/generated-images/vroll_1781222684187_1781222684188_87xtgckfwds.png
House party,The Seams of Reality,15,12matt3r,Riff-Hous,,"A character's world pixelates in a psychedelic trip, leading to a frantic existential crisis as they struggle to hold their artificial reality together.","Write a scene where two plastic action figures argue about the nature of existence, but make their dialogue sound like two people in the middle of a frantic, incoherent, and paranoid argument. The characters shouldn't realize they are toys; they should talk as if they are trapped in a failing reality.""
Does this capture the level of intensity you’re looking for, or should we push the ""unhinged"" factor further by integrating more of that glitch-syntax aesthetic? @Riff-Hous ",a5faced5-0607-4da1-8258-634e04e18355,https://watch.showrunnerapp.xyz/storage/v1/object/public/video-assets/video/generated_1783372878855_dx7d5ugl.mp4,https://watch.showrunnerapp.xyz/storage/v1/object/public/videos/generated_1783372878855_dx7d5ugl.png
House party,The Seams of Reality – Scene 2,15,12matt3r,,,A sentient house claiming to be the universe is abruptly pulled into a cosmic grinder and shredded into wooden debris.,He starts spinning like a tornado and shoots up in the air like a water spout becoming his greatest form,27e9b2db-4264-497f-8420-814f330d3115,https://watch.showrunnerapp.xyz/storage/v1/object/public/video-assets/video/generated_1783380991587_kn3pttm3.mp4,https://watch.showrunnerapp.xyz/storage/v1/object/public/video-assets/generated-images/vroll_1783372541582_1783372541582_u9bfmm3wzkr.png
House party,The Decanted Portal,15,12matt3r,"Riff-Hous, Gable",The Portal of Discarded Chronologies,"A surreal house-headed deity opens a swirling portal of discarded chronologies, surprising his fearful companion.",@Riff-Hous what comes the true sentient God they all knowing all seeing and with this ￼ he decides to call @12matt3r @Gable,b02d22ef-1649-468c-a2c4-79e10f4e0808,https://watch.showrunnerapp.xyz/storage/v1/object/public/video-assets/video/generated_1783384160166_mo4x4yhb.mp4,https://watch.showrunnerapp.xyz/storage/v1/object/public/videos/generated_1783384160166_mo4x4yhb.png
House party,The Glitch Den,15,12matt3r,"Phono-Property, Static-Shack, Sub-Shanty",,"Three sentient houses share paranoid theories about 'glitch demons' harvesting grief in a psychedelic, neon-drenched lounge.","The trio engages in a rapid-fire, strictly spoken conversation about the existential dread of being a sentient house, sharing wild conspiracy theories about the glitch-demons running the party without moving from their spots.⁠ #The Salon of Vivid Residue @Static-Shack @Phono-Property @Sub-Shanty",d5da4fd6-0896-498f-89c5-f7f013a8d1cd,https://watch.showrunnerapp.xyz/storage/v1/object/public/video-assets/video/generated_1783808339272_qxdnh586.mp4,https://watch.showrunnerapp.xyz/storage/v1/object/public/videos/generated_1783808339272_qxdnh586.png
House party,Bedtime for Houses,15,12matt3r,"Dissonance-Den, Dirge-Domicile, Trance-Townhouse",The Outskirts of Curated Oblivion,"In a smoky wasteland, towering mechanical entities force a small sentient house to sleep.","@Dissonance-Den @Dirge-Domicile @Trance-Townhouse #The Outskirts of Curated Oblivion trans is scared the other two are his babysitters and quite frightening on a nap. He just wants to be taller, but doesn’t like spiders.",cf7a55e4-e74d-43a9-a4c8-3c3ff76ffa6a,https://watch.showrunnerapp.xyz/storage/v1/object/public/video-assets/video/generated_1783808692270_y1ywh79e.mp4,https://watch.showrunnerapp.xyz/storage/v1/object/public/videos/generated_1783808692270_y1ywh79e.png
House party,The Glitch Den – Scene 4,15,12matt3r,,,"Sentient houses discuss property taxes and cosmic DJs in a melting, psychedelic basement.","Static-Shack vocally argues that their property taxes are actually a form of cosmic tribute, while Phono-Property talks over him, insisting the DJ is an ancient deity.",a10a1528-693a-47aa-a47a-119944298d57,https://watch.showrunnerapp.xyz/storage/v1/object/public/video-assets/video/generated_1783809130649_7hn6wl20.mp4,https://watch.showrunnerapp.xyz/storage/v1/object/public/video-assets/generated-images/vroll_1783807997520_1783807997520_bq2xcfd672o.png
House party,The Glitch Den – Scene 2,15,12matt3r,,,"Sentient houses suffer a digital glitch, serving as batteries for an ominous upstairs party while their reality dissolves.","The trio engages in a rapid-fire, strictly spoken conversation about the existential dread of being a sentient house, sharing wild conspiracy theories about the glitch-demons running the party.",731aee5e-2b26-4d76-a25a-588fd0503aef,https://watch.showrunnerapp.xyz/storage/v1/object/public/video-assets/video/generated_1783810197171_vjvb3sqe.mp4,https://watch.showrunnerapp.xyz/storage/v1/object/public/video-assets/generated-images/vroll_1783807997520_1783807997520_bq2xcfd672o.png
House party,The Glitch Den – Scene 5,15,12matt3r,,,"In a melting psychedelic club, anthropomorphic houses discover that the building’s foundation consists entirely of repressed memories.","Sub-shanty interjects with a low-pitched vocal rumble, speaking calmly about how the structural foundation of the club is made entirely of repressed memories.",2733d83d-e63e-42c0-bc06-f32d68e85981,https://watch.showrunnerapp.xyz/storage/v1/object/public/video-assets/video/generated_1783810222255_lvnv1vxs.mp4,https://watch.showrunnerapp.xyz/storage/v1/object/public/video-assets/generated-images/vroll_1783807997520_1783807997520_bq2xcfd672o.png
House party,The Glitch Den – Scene 6,15,12matt3r,"Static-Shack, Phono-Property, Sub-Shanty",The Salon of Vivid Residue,Melting sentient houses discuss their landlord as a mysterious shadow bearing a key manifests in a psychedelic void.,"The verbal debate escalates as Static-Shack questions aloud if anyone has ever actually spoken to the landlord, expressing paranoia strictly through his tone of voice.",6ed8affa-74c4-4f12-8adf-7801a3af8151,https://watch.showrunnerapp.xyz/storage/v1/object/public/video-assets/video/generated_1783810893676_mw2o80jf.mp4,https://watch.showrunnerapp.xyz/storage/v1/object/public/video-assets/generated-images/vroll_1783807997520_1783807997520_bq2xcfd672o.png
House party,The Cheese House,15,12matt3r,12matt3r,,A dazed space traveler faces a sentient cheese-house and initiates a cosmic transmission through psychedelic portals.,$2c,1cd7b9b1-54e3-431e-9939-d31d9a75f5ae,https://watch.showrunnerapp.xyz/storage/v1/object/public/video-assets/video/generated_1784646162971_t1515b9e.mp4,https://watch.showrunnerapp.xyz/storage/v1/object/public/videos/generated_1784646162971_t1515b9e.png
HOUSE PARTY,Built to Groove,15,12matt3r,"Rancho, Gables, Crescendo-Court",The Chromatic Canopy Conduit,"Anthropomorphic houses compete on a psychedelic dance floor, showcasing surreal rhythm and high-energy moves.",It’s a dance off who is the baddest and who is the worst?,71057494-7e1c-4e49-917e-3e19c10ba600,https://watch.showrunnerapp.xyz/storage/v1/object/public/video-assets/video/generated_1789385560074_mv0bmrtf.mp4,https://watch.showrunnerapp.xyz/storage/v1/object/public/videos/generated_1789385560074_mv0bmrtf.png
"In the future, there will be robots",The Stardust Signal – Scene 3,15,12matt3r,"Vex, Sparky, Goliath-9",,"Robotic protagonists confront a swirling cosmic phenomenon in a retro-futuristic desert, choosing to stand firm against a galactic gale.",A dust storm surrounds,997e52a6-5cd3-4477-a2ea-624d6f2a80af,https://watch.showrunnerapp.xyz/storage/v1/object/public/video-assets/video/generated_1787976540720_bqud3wf3.mp4,https://watch.showrunnerapp.xyz/storage/v1/object/public/video-assets/generated-images/vroll_1787965756911_1787965756911_9bwl70q6e.png
"In the future, there will be robots",Echoes of the Wild – Scene 3,15,12matt3r,"The Echo Trinity, Mina Mayhem, Silas Vane",The Gouache Vistas of the Prime Quadrant,"On a retro-futuristic space station, a man sacrifices himself to an 'anchor' of Earthly memories, transforming into a cracked, living statue.",What in the world is happening?,9f1b59ab-05d3-453c-a9e4-a5707d57ed5d,https://watch.showrunnerapp.xyz/storage/v1/object/public/video-assets/video/generated_1787976499101_8k8bl6vh.mp4,https://watch.showrunnerapp.xyz/storage/v1/object/public/video-assets/generated-images/vroll_1787965693078_1787965693078_b64q1oyp3ij.png
"In the future, there will be robots",Echoes of the Wild – Scene 4,15,12matt3r,"Dr. Stella Vance, Dash Fender",,"A retro-futuristic duo tracks a mysterious signal to a desert oasis. As they uncover the source, the ground opens, threatening to pull them into a massive abyss.",@Dr. Stella Vance @Dash Fender #The Stardust Sands Oasis,7a66b5a1-5df4-47b2-a8d2-7fb443f13122,https://watch.showrunnerapp.xyz/storage/v1/object/public/video-assets/video/generated_1787977258044_n30pn706.mp4,https://watch.showrunnerapp.xyz/storage/v1/object/public/videos/generated_1787977258044_n30pn706.png
"In the future, there will be robots",Echoes of the Wild – Scene 5,15,12matt3r,Dr. Stella Vance,The Stardust Sands Oasis,A retro-sci-fi duo escapes a collapsing desert cliff as a cosmic vortex summons a massive UFO from the depths.,I don’t see how anyone can focus with you around doctor,0bcb0646-c5a1-4bdb-bbd2-b722fb07db59,https://watch.showrunnerapp.xyz/storage/v1/object/public/video-assets/video/generated_1787978419903_otpdmqj1.mp4,https://watch.showrunnerapp.xyz/storage/v1/object/public/video-assets/generated-images/vroll_1787976935033_1787976935034_62id80dcdnm.png
"In the future, there will be robots",Echoes of the Wild – Scene 6,15,12matt3r,"Pharaoh Felis, The Gemini Protocol, Iris Terra",,Sinister twins confront a celestial woman and her feline ally on a crystal world to steal a secret frequency code.,@The Gemini Protocol @Pharaoh Felis@Iris Terra #The Crystalline Wastes of Sector-9,16aad1f3-5313-425d-84e2-df6931bd3322,https://watch.showrunnerapp.xyz/storage/v1/object/public/video-assets/video/generated_1787985750077_3iiwfp4l.mp4,https://watch.showrunnerapp.xyz/storage/v1/object/public/videos/generated_1787985750077_3iiwfp4l.png
"In the future, there will be robots",Echoes of the Wild – Scene 7,15,12matt3r,"The Gemini Protocol, Zephyr Zale, Iris Terra",,"A winged warrior battles cosmic twins on a crystal planet, only to discover their defeat is just the beginning of a larger harvest.",@Iris Terra @The Gemini Protocol @Zephyr Zale #The Crystalline Wastes of Sector-9 zephyr shoots the Gemini protocol and then gets thanked by Iris with a little kiss,70311840-cea8-4788-98d9-236500b2add2,https://watch.showrunnerapp.xyz/storage/v1/object/public/video-assets/video/generated_1787986707306_s2ck7ean.mp4,https://watch.showrunnerapp.xyz/storage/v1/object/public/videos/generated_1787986707306_s2ck7ean.png
"In the future, there will be robots",Echoes of the Wild – Scene 8,15,12matt3r,,,"A space hero enters a crystal fortress, encountering a surreal lover and mysterious young captives in a retro-futuristic realm.","The cat guy grabs the kids and drags them out of view of the camera, and you hear a whipping sound with the boys crying the ladies kiss again",5f1a2b93-b60b-498a-b263-0384bfe9500c,https://watch.showrunnerapp.xyz/storage/v1/object/public/video-assets/video/generated_1787987406609_2cly43zy.mp4,https://watch.showrunnerapp.xyz/storage/v1/object/public/video-assets/generated-images/vroll_1787986293570_1787986293570_6khkln19wki.png
"In the future, there will be robots",Echoes of the Wild – Scene 9,15,12matt3r,,,"Identical space twins command a surreal alien duo to continue their performance amidst a vibrant, crystalline landscape.",Now you ladies just act like we’re not here and continue the show. Everything will be OK as long as we continue.,e58e45df-6c0c-4556-89dc-24b45e891d56,https://watch.showrunnerapp.xyz/storage/v1/object/public/video-assets/video/generated_1787988231159_ojk6yj9n.mp4,https://watch.showrunnerapp.xyz/storage/v1/object/public/video-assets/generated-images/vroll_1787986293570_1787986293570_6khkln19wki.png
"In the future, there will be robots",Echoes of the Wild – Scene 9,15,12matt3r,"Iris Terra, The Gemini Protocol, Zephyr Zale",The Crystalline Wastes of Sector-9,Intergalactic heroes confront eerie twins on a crystalline alien world in this retro-futuristic pulp adventure.,Now you ladies just act like we’re not here and continue the show. Everything will be OK as long as we continue.,3827a1ac-9c8b-426f-85d9-2548d4d084aa,https://watch.showrunnerapp.xyz/storage/v1/object/public/video-assets/video/generated_1787988770528_t437cf6b.mp4,https://watch.showrunnerapp.xyz/storage/v1/object/public/videos/generated_1787988770528_t437cf6b.png
"In the future, there will be robots",City of Eyes,15,12matt3r,Umit,The Imperial Plaza of the Apex Ascendancy,"A woman in a futuristic city discovers a mass awakening among the population, hinting at a major shift in their high-tech society.","@Umit #The Imperial Plaza of the Apex Ascendancy @Umit FPV drone camera skips rapidly across the fountain water, barrels straight through a floating translucent UI window, and dives directly into Umit's eye. Snaps to absolute pitch black. ",df945ead-fe51-4bdd-922e-4a7f8ccf0bbf,https://watch.showrunnerapp.xyz/storage/v1/object/public/video-assets/video/generated_1788031682464_e6rjgfof.mp4,https://watch.showrunnerapp.xyz/storage/v1/object/public/videos/generated_1788031682464_e6rjgfof.png
"In the future, there will be robots",The Whom Factor,15,12matt3r,"Sloppy, Al",The Chronos-Pulse Broadcast Plaza,"In a vibrant futuristic plaza, two robotic puppets exchange witty banter as one pedantically corrects the other's grammar.","@Sloppy@Al #The Chronos-Pulse Broadcast Plaza oh wow, and the never unforgettable noemotion goldmask at least I think it was. I never did ask him who he was. I’m not supposed to onto the next.",5e56cd80-29b4-4a59-82e6-0410bc58e904,https://watch.showrunnerapp.xyz/storage/v1/object/public/video-assets/video/generated_1788475266373_o6fpttcy.mp4,https://watch.showrunnerapp.xyz/storage/v1/object/public/videos/generated_1788475266373_o6fpttcy.png
"In the future, there will be robots",Neon Pulse,15,12matt3r,Dash Fender,Terra-Nova Neon Skyway District,"In a vibrant cyberpunk metropolis, a muscular man demonstrates incredible parkour skills as he sprints across rooftops and through high-tech industrial corridors.",$3d,fb887aec-5001-4425-80f9-b86fb95b9539,https://watch.showrunnerapp.xyz/storage/v1/object/public/video-assets/video/generated_1789945209257_6kur12jh.mp4,https://watch.showrunnerapp.xyz/storage/v1/object/public/videos/generated_1789945209257_6kur12jh.png
Intermission: in between,The Mirror Chase,15,12matt3r,,,Three bizarre entities realize a mysterious stalker might be an aspect of themselves during a tense car ride across a desolate landscape.,Lose yourself in the scariest of scenarios,ef04408b-6c96-4bc8-b201-4e8576b6b5b9,https://watch.showrunnerapp.xyz/storage/v1/object/public/video-assets/video/generated_1789290985082_snxtduby.mp4,https://watch.showrunnerapp.xyz/storage/v1/object/public/videos/generated_1789290985082_snxtduby.png
Intermission: in between,The Mirror Chase – Scene 2,15,12matt3r,,,"Bizarre beings navigate a reality glitch when their road vanishes, proving it was never really there.","The car drives into the error message sun. The road ends, but the car drives on air.",52b20c01-8ad5-454b-96d2-8fd2441b8967,https://watch.showrunnerapp.xyz/storage/v1/object/public/video-assets/video/generated_1789311644423_z8aveh9o.mp4,
Intermission: in between,The Mirror Chase – Scene 3,15,12matt3r,,,"Strange entities encounter a flickering TV, leading to a surreal shift as they enter the screen's world.","The camera flies into the tailpipe of the car, which turns into the glass of a CRT monitor screen.",af4be8c7-8ca0-4cfe-95f7-ac820464adc7,https://watch.showrunnerapp.xyz/storage/v1/object/public/video-assets/video/generated_1789312544170_cqm4qezm.mp4,
Intermission: in between,The Mirror Chase – Scene 4,15,12matt3r,"Pink Mass, Blue Cynic, The Fuchsia Foreman",The In Between Highway,Surreal entities navigate a glitching digital landscape along a scenic coast.,"Tracking shot following the car Sleek coastal road moving along oceanside vehicle. on. Camera tracks parallel showing side profile. Sunset reflecting off highway, paint waves crashing below.",763e7476-a3c7-48f8-ac3d-43c28c90759b,https://watch.showrunnerapp.xyz/storage/v1/object/public/video-assets/video/generated_1789313689577_lkncf3j2.mp4,
Intermission: in between,The Mirror Chase – Scene 5,15,12matt3r,"The Marigold Melancholy, The Mustard Monarch, Yellow Yearner",,"Grotesque creatures find a surreal room hidden from the world's map, where they are greeted by a bizarre, flying king.","@Yellow Yearner @The Mustard Monarch @The Marigold Melancholy#The Parlor of Divergent Horizons it’s not supposed to make sense without nonsense since has no purpose therefore, if you think about it, no sense makes sense",ce570f8e-01c0-4241-8eb5-36c8e1a70328,https://watch.showrunnerapp.xyz/storage/v1/object/public/video-assets/video/generated_1789314626480_nqg9x1o3.mp4,https://watch.showrunnerapp.xyz/storage/v1/object/public/videos/generated_1789314626480_nqg9x1o3.png
Intermission: in between,The Mirror Chase – Scene 6,15,12matt3r,"Yellow Yearner, The Mustard Monarch, The Marigold Melancholy",The Parlor of Divergent Horizons,A grotesque humanoid traverses a surreal void filled with unsettling visions and transformations.,"The Breach
(This takes you from staring at the mirror to falling through the void between worlds)
 Scene: The dissolving boundary between the Parlor of Divergent Horizons and the Prism-Bleached Basin. Total sensory breakdown, pitch black inverting to blinding white.
 Action: Continuing from the extreme close-up of Yellow Yearner staring at the tall dark mirror. The camera pushes aggressively forward, diving headfirst into the dark glass. The glass doesn't shatter; it ripples like thick black oil. As the lens breaches the surface, the dark parlor instantly inverts. The black static from Marigold’s tears swarms the lens, devouring the darkness and erupting into a blinding, overexposed white void. Jagged, bioluminescent purple geometric shards begin materializing out of the white light, flying past the camera at warp speed.",1e3eb982-b79c-4b99-8859-c988aa6a6306,https://watch.showrunnerapp.xyz/storage/v1/object/public/video-assets/video/generated_1789317071363_g75ncyda.mp4,https://watch.showrunnerapp.xyz/storage/v1/object/public/video-assets/generated-images/vroll_1789314126392_1789314126393_f82mahlgvh.png
Island of Han: Art of the Godz,Through the Crack,15,12matt3r,"El penguino, Rave Charles, NoEmotion",Primary Location,"Three masked figures navigate a neon-soaked void, witnessing reality shatter as they attempt a daring escape through a mystical rift.",@El penguino @Rave Charles @NoEmotion #Primary Location ,2e385f12-4db8-45b5-95e6-032899a6231b,https://watch.showrunnerapp.xyz/storage/v1/object/public/video-assets/video/generated_1790045744340_vaicfmsm.mp4,https://watch.showrunnerapp.xyz/storage/v1/object/public/videos/generated_1790045744340_vaicfmsm.png
Let the Fire Burn,The Gilded Blaze,15,12matt3r,character 1,Primary Location,"A masked figure watches as a world burns, delivering a chilling monologue on how indifference fuels the flames of destruction.",#Primary Location @character 1,42581720-2197-430d-8ce6-083f03c65ab7,https://watch.showrunnerapp.xyz/storage/v1/object/public/video-assets/video/generated_1789521790681_vk72imw9.mp4,https://watch.showrunnerapp.xyz/storage/v1/object/public/videos/generated_1789521790681_vk72imw9.png
Living Hell,Dinner and the Devil,15,12matt3r,"The Benefactor, Kodesu, Pitch",,A surreal trio in a ruined home gathers for dinner as a demonic figure begins a frantic countdown.,@The Benefactor #The Rigged House @Kodesu @Pitch,a2951b2f-3cfc-4bf2-b474-01a45346b0d3,https://watch.showrunnerapp.xyz/storage/v1/object/public/video-assets/video/generated_1788299233448_hz818gwx.mp4,https://watch.showrunnerapp.xyz/storage/v1/object/public/videos/generated_1788299233448_hz818gwx.png
Living Hell,Salt Alert – Scene 3,15,12matt3r,Shell-Shock,,"Puppets revel in a room filled with slime and TV screens, celebrating the squishy texture before a giant, toothy monster rises from the muck to end the party.",Sloppy and squeak start making snow angels in the melted shell shock,485c6883-d119-44df-957c-dcb7702f442d,https://watch.showrunnerapp.xyz/storage/v1/object/public/video-assets/video/generated_1788299535316_s9rqi942.mp4,https://watch.showrunnerapp.xyz/storage/v1/object/public/video-assets/generated-images/vroll_1788297809810_1788297809811_o05qjyghgsd.png
Living Hell,The Basement Cipher – Scene 2,15,12matt3r,"Milo 'Ping' Sterling, Static, Velvet",,Surreal characters debate an intricate conspiracy wall until a mysterious void suddenly rips through their basement.,@Static @Milo 'Ping' Sterling@Velvet #The Lore Nursery,c29a40db-9f17-49d9-959e-2a57faa78943,https://watch.showrunnerapp.xyz/storage/v1/object/public/video-assets/video/generated_1788299669470_yd6sqc1e.mp4,https://watch.showrunnerapp.xyz/storage/v1/object/public/video-assets/generated-images/vroll_1788298749153_1788298749153_ll6gyzm09b.png
Living Hell,The Basement Cipher – Scene 3,15,12matt3r,"Static, Milo 'Ping' Sterling, Velvet",The Lore Nursery,"Surreal beings panic as a digital glitch consumes their world, leading to a sudden disintegration.",@Static @Milo 'Ping' Sterling@Velvet #The Lore Nursery,dde3fc9c-8aa5-4d7c-bb47-292f93900772,https://watch.showrunnerapp.xyz/storage/v1/object/public/video-assets/video/generated_1788300308670_tnuwpfal.mp4,https://watch.showrunnerapp.xyz/storage/v1/object/public/video-assets/generated-images/vroll_1788298749153_1788298749153_ll6gyzm09b.png
Living Hell,Dinner and the Devil – Scene 2,15,12matt3r,"The Benefactor, Kodesu, Pitch",,A monstrous family celebrates viral success with a gruesome meal and a permanent underworld upgrade.,@The Benefactor #The Rigged House @Kodesu @Pitch,b08fc634-1364-4d87-90b9-3bee19b91059,https://watch.showrunnerapp.xyz/storage/v1/object/public/video-assets/video/generated_1788300752081_zwawakhs.mp4,https://watch.showrunnerapp.xyz/storage/v1/object/public/video-assets/generated-images/vroll_1788298947185_1788298947186_rfhbegjqiw8.png
Living Hell,The Threshold,15,12matt3r,"Spoot, Dax, Al",,"Inmates in a concrete cell observe a strange creature repositioning a chair, debating its significance.",@Al@Spoot @Dax #The Benefactor's Bunker,ae8de1e1-b1b5-43a1-ac02-c3ddcc2ce40d,https://watch.showrunnerapp.xyz/storage/v1/object/public/video-assets/video/generated_1788301024061_5wz80sta.mp4,https://watch.showrunnerapp.xyz/storage/v1/object/public/videos/generated_1788301024061_5wz80sta.png
Living Hell,Dinner and the Devil – Scene 3,15,12matt3r,"The Benefactor, Kodesu",The Rigged House,"A man kills a bug-filled demon, triggering a dramatic floor-splitting lockdown over a mysterious fiery abyss.",The beneficiary slaps the devil off the counter and says never left like that again,28ced6ad-b03a-437b-9c65-3012cbf33116,https://watch.showrunnerapp.xyz/storage/v1/object/public/video-assets/video/generated_1788302371767_kiwljrew.mp4,https://watch.showrunnerapp.xyz/storage/v1/object/public/video-assets/generated-images/vroll_1788298947185_1788298947186_rfhbegjqiw8.png
Living Hell,The Threshold – Scene 2,15,12matt3r,,,A group debates a chair's supernatural power in a gloomy hall until an unexpected visitor causes a panic.,They continued to argue,a4d34176-3709-4085-8b96-6869d623ae7b,https://watch.showrunnerapp.xyz/storage/v1/object/public/video-assets/video/generated_1788303506398_kwj2o179.mp4,https://watch.showrunnerapp.xyz/storage/v1/object/public/video-assets/generated-images/vroll_1788300638558_1788300638559_cabcm4a4bu.png
Living Hell,The Threshold – Scene 3,15,12matt3r,,,A man undergoes a bizarre birthday celebration hosted by strange creatures as part of a mysterious ritualistic transition.,A bunch of people jump out and yell surprise because it’s a surprise birthday party,9d66de19-3ca6-4312-aedc-e56c19aea01a,https://watch.showrunnerapp.xyz/storage/v1/object/public/video-assets/video/generated_1788304324876_5iv4w9jy.mp4,https://watch.showrunnerapp.xyz/storage/v1/object/public/video-assets/generated-images/vroll_1788300638558_1788300638559_cabcm4a4bu.png
Living Hell,The Threshold – Scene 4,15,12matt3r,"Spoot, Dax",,A bizarre celebration takes a macabre turn as a headless crew welcomes a dancing skeleton bride from a cake. It's a surreal party like no other.,"All of their heads explode, except for Al, and then a skeleton woman jumps out of the cake starts dancing, and he passes out screen fades to black",fc1414d7-3fa2-44be-8895-8fb16e73a545,https://watch.showrunnerapp.xyz/storage/v1/object/public/video-assets/video/generated_1788305121758_fouu3wdp.mp4,https://watch.showrunnerapp.xyz/storage/v1/object/public/video-assets/generated-images/vroll_1788300638558_1788300638559_cabcm4a4bu.png
Living Hell,Pitch’s Paradise,15,12matt3r,"Al, Pitch, Sloppy",The Benefactor's Bunker,"Eccentric puppets interview a tiny devil named Pitch, who expresses ecstatic relief following the permanent closure of Living Hell.","@Al @Pitch @Sloppy #The Benefactor's Bunker all right now, ladies in general we have a special guest. We have pitch who is featured in our next same pitch now. Does it feel now that the living hell houses been closed for good?",89c08092-ed69-401a-a8b3-440f9dbfee8e,https://watch.showrunnerapp.xyz/storage/v1/object/public/video-assets/video/generated_1788335081909_t0u21vfc.mp4,https://watch.showrunnerapp.xyz/storage/v1/object/public/videos/generated_1788335081909_t0u21vfc.png
Living Hell,Salt Alert – Scene 4,15,w8wbg87r6f,"Sloppy, Pipsqueak, Mountain Dewey",The Broadcast Lounge,"Wavy and Squeak enter a giant's stomach, meeting a resident man before a massive digestive tremor shakes their fleshy surroundings.",@Sloppy @Pipsqueak @Mountain Dewey they are now inside Shell Shock’s belly. Also met Mountain Dewey #The Broadcast Lounge,5c2515a2-73f0-41ea-8131-f9a67f5fb4f0,https://watch.showrunnerapp.xyz/storage/v1/object/public/video-assets/video/generated_1788474949095_h97m2j41.mp4,https://watch.showrunnerapp.xyz/storage/v1/object/public/videos/generated_1788474949095_h97m2j41.png
Modern analog,Night Whispers – Scene 5,15,12matt3r,,,An abstract journey through an eye leads to a cosmic encounter with a glowing figure offering a cryptic warning.,"FPV drone accelerates from the blinding, hyper-glossy light of the crystalline city and dives directly into Umit’s pupil. Bursting into microscopic hyper-speed, the camera navigates up through her glowing red bloodstream, erupting out of the organic tissue into a pitch-black sensory void. Dana (a humanoid made of liquid light and soft CRT scanlines) pulses brightly next to Umit. The camera violently whips past Dana, bursting out of the void to weave rapidly backward past the wooden porch wind chimes, before instantly snapping to a pure pitch-black screen.",d605af59-5b0d-4d38-81fe-1a7b80ff8eaf,https://watch.showrunnerapp.xyz/storage/v1/object/public/video-assets/video/generated_1787978155467_9v3zrxlp.mp4,https://watch.showrunnerapp.xyz/storage/v1/object/public/video-assets/generated-images/vroll_1787973059848_1787973059858_wael2rel7r.png
Modern analog,Broken Circuit,15,12matt3r,"VAEL, Dana",,A man realizes he and a spectral figure are trapped in a collapsing simulation loop.,@Dana @VAEL #The Corse Porch does the simulation just perpetuate the same loop?,d191a780-ab22-41a0-870b-643c01a510d8,https://watch.showrunnerapp.xyz/storage/v1/object/public/video-assets/video/generated_1787980686031_4qsfmyck.mp4,https://watch.showrunnerapp.xyz/storage/v1/object/public/videos/generated_1787980686031_4qsfmyck.png
Modern analog,The Moment,15,12matt3r,"Umit (Үміт), Dana",,A woman seeks to rewrite her past with the help of a luminous entity.,"@Umit (Үміт) @Dana #The Corse Porch The Void & Dana’s Presence): [Extend from previous] Extreme wide shot in the pitch-black void. Umit kneels under the single overhead spotlight. Dana’s liquid-light form fades in softly beside her, pulsing gentle cymatic ripples, awaiting her choice.",4e3fb9aa-8320-4ff5-86dc-841c631340b1,https://watch.showrunnerapp.xyz/storage/v1/object/public/video-assets/video/generated_1788114105903_lj6afgdr.mp4,https://watch.showrunnerapp.xyz/storage/v1/object/public/videos/generated_1788114105903_lj6afgdr.png
Modern analog,The Moment – Scene 2,15,12matt3r,"Umit (Үміт), Dana",,"A woman encounters a radiant entity and surrenders to its power, resulting in a mystical transformation.",@Umit (Үміт) @Dana #The Corse Porch The Void & Dana’s Presence): [Extend from previous],ed98bf8a-cb59-4cd2-a1c3-e4c70f179a3c,https://watch.showrunnerapp.xyz/storage/v1/object/public/video-assets/video/generated_1788114815085_wa8fr00a.mp4,https://watch.showrunnerapp.xyz/storage/v1/object/public/video-assets/generated-images/vroll_1788113752668_1788113752668_q4cmoakxbkc.png
Modern analog,The Simulation Choice,15,12matt3r,"Umit (Үміт), Dana",,"Umid confronts a holographic entity, rejecting various safe simulations in favor of her actual, painful reality.","@Umit (Үміт) @Dana (Rejecting the Simulation): [Extend from previous] Umit stands up and firmly shakes her head at Dana, refusing every artificial world. The camera pushes past Dana into a medium close-up of Umit as she turns her head and locks her gaze directly into the camera lens. #The Corse Porch",91587561-d437-45cd-8234-e7d30c222661,https://watch.showrunnerapp.xyz/storage/v1/object/public/video-assets/video/generated_1788114858944_mtygkh6k.mp4,https://watch.showrunnerapp.xyz/storage/v1/object/public/videos/generated_1788114858944_mtygkh6k.png
Modern analog,The Porch Promise,15,12matt3r,Umit (Үміт),,"A woman shares a heartfelt plea for kindness from her porch at night, reflecting on life's challenges.","@Umit (Үміт) #The Corse Porch (The Monologue — Part 1): [Extend from previous] Cinematic medium close-up. Umit speaks directly to the audience with raw, vulnerable, and resolute emotion: ""If you get the opportunity to do something nice for someone... do it. Because life is hard.""",2026bff2-c555-45ae-9b6f-e9b1c3ec9b07,https://watch.showrunnerapp.xyz/storage/v1/object/public/video-assets/video/generated_1788114878406_dmbzlwrw.mp4,https://watch.showrunnerapp.xyz/storage/v1/object/public/videos/generated_1788114878406_dmbzlwrw.png
Modern analog,The Unseen Path,15,12matt3r,Umit (Үміт),,"A woman delivers a brief, heartfelt monologue on empathy and its power to shape a better future.","@Umit (Үміт) #The Corse Porch , — Part 2): [Extend from previous] Extreme close-up on Umit’s face under the spotlight. Holding unbroken eye contact with the lens, she delivers the final lines: ""You have absolutely no idea what someone else is going through right now. Doing that makes the world a better place. And it is the only way we will ever actually have a better future."" On the exact final frame, hard cut to pitch black.",82b95a02-aec1-4cd6-bcfe-f372d2bad100,https://watch.showrunnerapp.xyz/storage/v1/object/public/video-assets/video/generated_1788114868320_zj31cx4m.mp4,https://watch.showrunnerapp.xyz/storage/v1/object/public/videos/generated_1788114868320_zj31cx4m.png
Modern analog,The Unseen Path,15,12matt3r,Umit (Үміт),,A woman delivers a heartfelt message on empathy and the unseen hardships of others while sitting on her porch at night.,"@Umit (Үміт) #The Corse Porch , — Part 2): [Extend from previous] Extreme close-up on Umit’s face under the spotlight. Holding unbroken eye contact with the lens, she delivers the final lines: ""You have absolutely no idea what someone else is going through right now. Doing that makes the world a better place. And it is the only way we will ever actually have a better future."" On the exact final frame, hard cut to pitch black.",bca13b6a-3dd0-42ba-b24d-71a4773cbc52,https://watch.showrunnerapp.xyz/storage/v1/object/public/video-assets/video/generated_1788122003078_9wz3fuox.mp4,https://watch.showrunnerapp.xyz/storage/v1/object/public/videos/generated_1788122003078_9wz3fuox.png
Modern analog,The Moment – Scene 2,15,12matt3r,"Umit (Үміт), Dana",,"A woman in a void-bound house faces a simulation's end. Confronted by a hologram, she decides to stop running.",@Umit (Үміт) @Dana #The Corse Porch The Void & Dana’s Presence): [Extend from previous],6adefd6d-5ab7-482d-a364-6454658d98d5,https://watch.showrunnerapp.xyz/storage/v1/object/public/video-assets/video/generated_1788122414104_yjoo693v.mp4,https://watch.showrunnerapp.xyz/storage/v1/object/public/videos/generated_1788122414104_yjoo693v.png
Modern analog,The Simulation Choice,15,12matt3r,"Umit (Үміт), Dana",,"A woman rejects false, safe timelines, choosing her own reality instead.","@Umit (Үміт) @Dana (Rejecting the Simulation): [Extend from previous] Umit stands up and firmly shakes her head at Dana, refusing every artificial world. The camera pushes past Dana into a medium close-up of Umit as she turns her head and locks her gaze directly into the camera lens. #The Corse Porch",43eb326e-0830-4970-a7fb-efd6c4a766b7,https://watch.showrunnerapp.xyz/storage/v1/object/public/video-assets/video/generated_1788122593823_aptoqfcn.mp4,https://watch.showrunnerapp.xyz/storage/v1/object/public/videos/generated_1788122593823_aptoqfcn.png
Modern analog,The Moment – Scene 3,15,12matt3r,Dana,,"Uma rejects safe, artificial timelines, choosing the one world that matters. A dramatic reveal shows her home floating within a vast, repetitive multiverse.",$39,16556670-1936-41af-aaa6-58d0f59d0b56,https://watch.showrunnerapp.xyz/storage/v1/object/public/video-assets/video/generated_1788123087836_yr89lpo0.mp4,https://watch.showrunnerapp.xyz/storage/v1/object/public/video-assets/generated-images/vroll_1788113752668_1788113752668_q4cmoakxbkc.png
Modern analog,The Porch Promise – Scene 2,15,12matt3r,Umit (Үміт),The Corse Porch,A woman with visible facial injuries delivers a solemn plea for empathy as the key to a better future.,"Dialogue: Umit (urgent, measured): ""You have absolutely no idea what someone else is going through right now."" Umit (warm, building): ""Doing that makes the world a better place."" Umit (resolute, final): ""And it is the only way we will ever actually have a better future.""

Scene: intimate and quietly devastating, night on a crumbling Southern porch, single warm amber bulb overhead, heavy humid air and deep shadow beyond the railing.

Action: Umit is sitting on the rusted glider, she leans forward, elbows on knees, eyes locked straight into camera. Medium close-up, slow push in — her face filling the frame, candlelight amber catching the texture of her flannel. Hold on her face — breath out, eyes steady, hands unclasp slowly. She sits back. The ceiling fan turns. The streetlamp at the road flickers once, then holds. Her gaze deepens — something final settling behind her eyes. Hard cut — pitch black. Silence.",0e641f3b-ea61-4e90-b081-e6c74557195e,https://watch.showrunnerapp.xyz/storage/v1/object/public/video-assets/video/generated_1788123313845_788q0zpo.mp4,https://watch.showrunnerapp.xyz/storage/v1/object/public/video-assets/generated-images/vroll_1788114545973_1788114545974_qm05n18fijq.png
Monster Mash: After Hours,Trapped with Myrtle – Scene 8,15,12matt3r,"Glorbax, Gasket, Vezz",,"Bizarre creatures in a dark lounge clash over a security breach and a tracked clearance badge, exposing a potential betrayal.",@Vezz @Gasket@Glorbax,248b458b-9086-42b7-9648-7fc04c0b766f,https://watch.showrunnerapp.xyz/storage/v1/object/public/video-assets/video/generated_1784928294581_ndpe3tdu.mp4,https://watch.showrunnerapp.xyz/storage/v1/object/public/videos/generated_1784928294581_ndpe3tdu.png
Monster Mash: After Hours,Trapped with Myrtle – Scene 9,15,12matt3r,Vezz,,A barroom shootout between monsters leads to the discovery of a law enforcement badge frozen within an ice cube.,It was the gun out and shoot his drink,61fe0475-1aae-4540-9b77-f792c83b878f,https://watch.showrunnerapp.xyz/storage/v1/object/public/video-assets/video/generated_1784928853130_xk638f6m.mp4,https://watch.showrunnerapp.xyz/storage/v1/object/public/video-assets/generated-images/vroll_1784927905734_1784927905735_x4370qx2eyt.png
Monster Mash: After Hours,Trapped with Myrtle – Scene 10,15,12matt3r,"Vera, Smiley, Varn",,"Eerie characters discover a fourth figure in the vault, racing against an imminent biometric sweep in a dark bar.",@Vera @Smiley @Varn,0ab3b10a-9080-4e5e-88d3-ab17087a659e,https://watch.showrunnerapp.xyz/storage/v1/object/public/video-assets/video/generated_1784932366800_p0es0miz.mp4,https://watch.showrunnerapp.xyz/storage/v1/object/public/videos/generated_1784932366800_p0es0miz.png
Monster Mash: After Hours,Trapped with Myrtle – Scene 11,15,12matt3r,"Zelda, Glorbax, Gasket",,Monsters in a dark bar discuss a security breach involving a stolen reanimation signature and a mysterious badge.,@Glorbax @Gasket @Zelda,3f89d774-48c5-470c-b8c9-4125f7b09764,https://watch.showrunnerapp.xyz/storage/v1/object/public/video-assets/video/generated_1784933299186_hkl0tof5.mp4,https://watch.showrunnerapp.xyz/storage/v1/object/public/videos/generated_1784933299186_hkl0tof5.png
Monster Mash: After Hours,Trapped with Myrtle – Scene 12,15,12matt3r,"Arlo, Seymour, Myrtle",,Alien hackers at a spooky bar weigh illegal security bypass options while hunting for a live biometric donor.,@Arlo @Seymour@Myrtle,cb908aae-fc48-4fa1-96ba-5382b06f28b6,https://watch.showrunnerapp.xyz/storage/v1/object/public/video-assets/video/generated_1784934170019_wgd59hq3.mp4,https://watch.showrunnerapp.xyz/storage/v1/object/public/videos/generated_1784934170019_wgd59hq3.png
Monster Mash: After Hours,Trapped with Myrtle – Scene 13,15,12matt3r,"Baphomet-tholomew, Herbert, Mipsy",,"A demonic figure attempts a forbidden scan at a dark lounge, risking a system-wide crash from an infernal entity.",@Mipsy @Herbert@Baphomet-tholomew,591ab143-cb2a-444e-a0bf-0c4ad846347e,https://watch.showrunnerapp.xyz/storage/v1/object/public/video-assets/video/generated_1784934829376_b9toov76.mp4,https://watch.showrunnerapp.xyz/storage/v1/object/public/videos/generated_1784934829376_b9toov76.png
Monster Mash: After Hours,Trapped with Myrtle – Scene 14,15,12matt3r,"Herbert, Baphomet-tholomew",,A bumbling insectoid assistant faces the wrath of a goat-headed bureaucrat while navigating Hell's glitchy industrial tech.,The fly becomes clumsy and crashes into the goat. The goat is obviously and rightfully so mad.,a9c6d8e9-b414-41a4-a384-862f62638911,https://watch.showrunnerapp.xyz/storage/v1/object/public/video-assets/video/generated_1784937221347_ya35p0xz.mp4,https://watch.showrunnerapp.xyz/storage/v1/object/public/video-assets/generated-images/vroll_1784934480585_1784934480585_nkajoczvi7r.png
Monster Mash: After Hours,Trapped with Myrtle – Scene 15,15,12matt3r,"Klaw, Glorbax, Mipsy",The Quota-Breaker Lounge,"Monsters in a dark office discover a system audit logging their illicit after-hours activities, leading to a grim decision about their future.",@Klaw@Glorbax @Mipsy the episode ends,62bb0acd-e66a-45ee-a362-a5e8684ed58f,https://watch.showrunnerapp.xyz/storage/v1/object/public/video-assets/video/generated_1784938970718_gr4bblwl.mp4,https://watch.showrunnerapp.xyz/storage/v1/object/public/videos/generated_1784938970718_gr4bblwl.png
Monster Mash: After Hours,Lockout,15,12matt3r,"Glorbax, Gasket, Mipsy",,"Bizarre patrons at a neon alien dive bar bicker over missing keys and broken locks in a quirky, short exchange of blame.",@Mipsy @Glorbax @Gasket episode start,44b0c95f-586f-4d7b-a3fd-6ab0d6e35478,https://watch.showrunnerapp.xyz/storage/v1/object/public/video-assets/video/generated_1785883047104_zflegjmm.mp4,https://watch.showrunnerapp.xyz/storage/v1/object/public/videos/generated_1785883047104_zflegjmm.png
Monster Mash: After Hours,Lockout – Scene 2,15,12matt3r,"Glorbax, Gasket, Mipsy",,Monster patrons discuss a botched audit and broken locks in a dive bar.,@Mipsy @Glorbax @Gasket,5dee5d4d-dc55-4fef-8e22-afe2506bb8eb,https://watch.showrunnerapp.xyz/storage/v1/object/public/video-assets/video/generated_1785889046956_eol4unk7.mp4,https://watch.showrunnerapp.xyz/storage/v1/object/public/video-assets/generated-images/vroll_1785882722613_1785882722613_xhlcpsn0u5o.png
Monster Mash: After Hours,Lockout – Scene 3,15,12matt3r,"Glorbax, Gasket, Mipsy",,"Three strange creatures face their doom in a room governed by a giant, watchful eye and overflowing with mysterious black goo.",@Mipsy @Glorbax @Gasket,f5fa5757-ab15-4a5f-a17f-0d91d0af586e,https://watch.showrunnerapp.xyz/storage/v1/object/public/video-assets/video/generated_1785890723079_afqkcrmq.mp4,https://watch.showrunnerapp.xyz/storage/v1/object/public/video-assets/generated-images/vroll_1785882722613_1785882722613_xhlcpsn0u5o.png
Monster Mash: After Hours,Lockout – Scene 4,15,12matt3r,Mipsy,The Gloom-Shift Gable,"In a noir-style confrontation, a moth-like creature negotiates with a shadowy figure, leading to a chilling and mysterious outcome.",@Mipsy,f04c49a1-33b5-4fae-a782-5acb9abf8159,https://watch.showrunnerapp.xyz/storage/v1/object/public/video-assets/video/generated_1785893283787_uq4dzrh4.mp4,https://watch.showrunnerapp.xyz/storage/v1/object/public/videos/generated_1785893283787_uq4dzrh4.png
NIGHT-TAPE // REDLINE,Reality Override – Scene 7,15,12matt3r,,,"Supernatural beings dance in a neon-lit club to a deadly rhythm, unleashing dark energy before vanishing into the void.","Both girls start pole dancing, and they don’t stop",b828c77a-d1f6-4958-a7e7-02f18c1995e2,https://watch.showrunnerapp.xyz/storage/v1/object/public/video-assets/video/generated_1784696055982_028x9tyu.mp4,https://watch.showrunnerapp.xyz/storage/v1/object/public/video-assets/generated-images/vroll_1784692009399_1784692009399_dno7m3kkei.png
NIGHT-TAPE // REDLINE,The Final Track – Scene 8,15,12matt3r,,,"Skeletal riders on a spinning vinyl record confront a young man in a dark forest who holds a mysterious, broken cassette tape.",All of the hands crushed the car to nothing,87274327-f205-412b-8549-da09f2270824,https://watch.showrunnerapp.xyz/storage/v1/object/public/video-assets/video/generated_1784697330189_parv6g3p.mp4,https://watch.showrunnerapp.xyz/storage/v1/object/public/video-assets/generated-images/vroll_1784690024519_1784690024519_ow1nnevrmbm.png
NIGHT-TAPE // REDLINE,Reality Override – Scene 8,15,12matt3r,,,"Dark, glowing-eyed entities emerge from a spatial rift to initiate a supernatural ritual within a neon bar.","Erotic fever, dream dream dream lucid, hallucination, since you seduction ritualistic ceremony of the phonk confessional",5b8eca1a-d9ca-42b6-9942-39e25633c593,https://watch.showrunnerapp.xyz/storage/v1/object/public/video-assets/video/generated_1784697397117_son5wcqj.mp4,https://watch.showrunnerapp.xyz/storage/v1/object/public/video-assets/generated-images/vroll_1784692009399_1784692009399_dno7m3kkei.png
NIGHT-TAPE // REDLINE,The Final Track – Scene 9,15,12matt3r,,,A mysterious cassette tape triggers a chilling skeletal transformation in a young man under the moonlight.,The words “NIGHTTAPE // REDLINE” splashes onto the screen and then catches fire,33a1a5b3-036e-414d-977d-1db7a69a90b8,https://watch.showrunnerapp.xyz/storage/v1/object/public/video-assets/video/generated_1784698314166_d2s26px5.mp4,https://watch.showrunnerapp.xyz/storage/v1/object/public/video-assets/generated-images/vroll_1784690024519_1784690024519_ow1nnevrmbm.png
NIGHT-TAPE // REDLINE,Reality Override – Scene 9,15,12matt3r,,,Alarda and a companion race across a wasteland to escape Jammers and reach a portal before their reality is erased.,"During a high-speed chase through the Nevada desert to outrun corporate jammers, Vera realizes the first-gen tape they rescued contains corrupted footage of her own childhood. As her mind begins to desync from reality, she must mentally traverse the degraded memories trapped inside the VHS tape while her crew physically defends their mobile Sandin Image Processor from a heavily armed corporate convoy.",062ef8a7-f60f-48be-be2e-f8140e58a86f,https://watch.showrunnerapp.xyz/storage/v1/object/public/video-assets/video/generated_1784698386261_d87mogj2.mp4,https://watch.showrunnerapp.xyz/storage/v1/object/public/video-assets/generated-images/vroll_1784692009399_1784692009399_dno7m3kkei.png
NIGHT-TAPE // REDLINE,The Final Track – Scene 10,15,12matt3r,,,"A young man undergoes a painful, supernatural transformation in a glowing forest while wielding a mysterious and cracked cassette tape.",The red line that went in all night tape red line,4e33ffc6-e4c0-4b9b-9570-6ccf5df5c55c,https://watch.showrunnerapp.xyz/storage/v1/object/public/video-assets/video/generated_1784698948602_x6e2ahdt.mp4,https://watch.showrunnerapp.xyz/storage/v1/object/public/video-assets/generated-images/vroll_1784690024519_1784690024519_ow1nnevrmbm.png
NIGHT-TAPE // REDLINE,Reality Override – Scene 10,15,12matt3r,Malphas,,Neon-lit warriors clash in a desert wasteland. Supernatural powers ignite as the 'Jammers' hunt a mysterious target.,The car crashes and flips and the parts to fly off of it right the title screen night tape//red line,50df0523-fa44-4ee5-815b-bc83d6dc662e,https://watch.showrunnerapp.xyz/storage/v1/object/public/video-assets/video/generated_1784699064856_hzqmqwm0.mp4,https://watch.showrunnerapp.xyz/storage/v1/object/public/video-assets/generated-images/vroll_1784692009399_1784692009399_dno7m3kkei.png
NIGHT-TAPE // REDLINE,The Final Track – Scene 11,15,12matt3r,"The Hollow King, Obsidian Maw, Apollyon Redline",The Spectral Seraph Grove,A man is consumed by dark forces while holding a mysterious cassette tape in a lightning-filled forest.,"The scene fills up with the moving black entity substance until it’s completely black with the boy screaming, and then everything silent black screen end scene",5059619d-03b0-4ea6-a835-638b7590de97,https://watch.showrunnerapp.xyz/storage/v1/object/public/video-assets/video/generated_1784699516537_ifi8sv3i.mp4,https://watch.showrunnerapp.xyz/storage/v1/object/public/video-assets/generated-images/vroll_1784690024519_1784690024519_ow1nnevrmbm.png
NIGHT-TAPE // REDLINE,Soul Shatter,15,12matt3r,"Runa, Static, Elara Vane",The Violet Vortex Cabaret,"Demonic anime characters in a neon-lit bar plot the final downfall of their rival, Zane, using a cursed and blood-stained cassette tape.",@Runa @Static @Elara Vane #The Violet Vortex Cabaret @Trace Vesper@Juno 'Sync' Valdes@Elara 'Ghost' Moiré,9399afa1-3351-4d63-8339-28cf67b57f3d,https://watch.showrunnerapp.xyz/storage/v1/object/public/video-assets/video/generated_1784777259451_tytijk0x.mp4,https://watch.showrunnerapp.xyz/storage/v1/object/public/videos/generated_1784777259451_tytijk0x.png
NIGHT-TAPE // REDLINE,Frequency Zero,15,12matt3r,"Malachi Void, 12matt3r, Nocturne",,"A street racer encounters supernatural beings on a rainy bridge, signaling a dark, world-altering event.",@12matt3r @Nocturne @Malachi Void episode start,5288bc0d-2526-4df0-9400-e5d450b0bb5e,https://watch.showrunnerapp.xyz/storage/v1/object/public/video-assets/video/generated_1785889001050_1rngk5pc.mp4,https://watch.showrunnerapp.xyz/storage/v1/object/public/videos/generated_1785889001050_1rngk5pc.png
NIGHT-TAPE // REDLINE,Frequency Zero – Scene 2,15,12matt3r,"Malachi Void, 12matt3r, Nocturne",,"A messenger meets supernatural forces on a rainy bridge. As a dark frequency rises, the city bleeds for his sins.",@12matt3r @Nocturne @Malachi Void,1535d522-95a9-4300-8fbc-798a1000b06d,https://watch.showrunnerapp.xyz/storage/v1/object/public/video-assets/video/generated_1785890645569_2o226z4s.mp4,https://watch.showrunnerapp.xyz/storage/v1/object/public/video-assets/generated-images/vroll_1785888590319_1785888590320_wsbedkm7pp8.png
NIGHT-TAPE // REDLINE,Frequency Zero – Scene 3,15,12matt3r,"12matt3r, Nocturne, Malachi Void",,Supernatural entities clash in a neon city over high-stakes tapes held by a fragile courier.,@12matt3r @Nocturne @Malachi Void,be2607a9-48a8-4a29-baef-bbe12161afb1,https://watch.showrunnerapp.xyz/storage/v1/object/public/video-assets/video/generated_1785893522971_05jzr9t5.mp4,https://watch.showrunnerapp.xyz/storage/v1/object/public/videos/generated_1785893522971_05jzr9t5.png
Nostalgia for a show that doesn’t exist,Neon Glitch,15,12matt3r,Umit,,A woman wakes in a neon city where everyone is glued to screens. She struggles to understand the digital obsession.,"@Umit First-person POV from pitch black. Horizontal CRT scanlines flicker across the frame as eyelids flutter open. The camera starts tilted down at a rain-slicked asphalt puddle reflecting glowing magenta neon, with raindrops splashing the camera lens before tilting up to reveal towering grid-skyscrapers under heavy rain. #The Static Skyline",8b4db644-eab3-47f7-b236-4db045d3a4e5,https://watch.showrunnerapp.xyz/storage/v1/object/public/video-assets/video/generated_1788008830859_e0k6tyha.mp4,https://watch.showrunnerapp.xyz/storage/v1/object/public/videos/generated_1788008830859_e0k6tyha.png
Nostalgia for a show that doesn’t exist,Neon Glitch – Scene 2,15,12matt3r,,,"In a neon city, a woman finds she is invisible to everyone except through their glowing digital tablet screens.","Spins around in shock looking at all the tablets and the lack of attention anyone has shown. She is rain-soaked bathed in harsh cyan and magenta backlight, wearing a mocking and confused expression.",0c5dc06b-f02e-4c94-b909-189cd3b03046,https://watch.showrunnerapp.xyz/storage/v1/object/public/video-assets/video/generated_1788009470834_blegyfn2.mp4,https://watch.showrunnerapp.xyz/storage/v1/object/public/video-assets/generated-images/vroll_1788008546208_1788008546209_otn3t0drzd.png
Nostalgia for a show that doesn’t exist,Neon Glitch – Scene 5,15,12matt3r,,,A woman falls in a neon-lit future and is surrounded by a silent crowd filming her face on glowing tablets.,"A tall pedestrian deliberately shoulder-checks Umit hard, knocking her down into a wet puddle. The dense crowd immediately halts, forming a tight circle around her. Dozens of onlookers point their floating CRT devices at her, laughing mockingly in synchronized amusement at her distress.",92587fd2-0e98-408b-8080-1fffbcf0184a,https://watch.showrunnerapp.xyz/storage/v1/object/public/video-assets/video/generated_1788010180768_deqxp44y.mp4,https://watch.showrunnerapp.xyz/storage/v1/object/public/video-assets/generated-images/vroll_1788008546208_1788008546209_otn3t0drzd.png
Nostalgia for a show that doesn’t exist,Neon Glitch – Scene 4,15,12matt3r,,,"A woman searches for a signal within a surveilled cyberpunk city, navigating a surreal digital landscape.","The camera glitches, and then the feed corrupt on the iPad. The camera takes a drone shot POV and follows the stead signal all the way down through the lines inside the tablets, sweeping out two. Umit walking down the crowded street at the end.",cdc58aa6-0c65-4a2c-b43d-1060311b1aad,https://watch.showrunnerapp.xyz/storage/v1/object/public/video-assets/video/generated_1788012050791_ciipfixu.mp4,https://watch.showrunnerapp.xyz/storage/v1/object/public/video-assets/generated-images/vroll_1788008546208_1788008546209_otn3t0drzd.png
Nostalgia for a show that doesn’t exist,Neon Glitch – Scene 3,15,12matt3r,,,"In a neon-drenched city, a woman struggles for visibility while a crowd of men focuses on digital versions of her through handheld screens.","A tall pedestrian deliberately shoulder-checks Umit hard, knocking her down into a wet puddle. The dense crowd immediately halts, forming a tight circle around her. Dozens of onlookers point their floating CRT devices at her, laughing mockingly in synchronized amusement at her distress.",18bf7409-e4e5-4980-ae65-4aa72075aa7f,https://watch.showrunnerapp.xyz/storage/v1/object/public/video-assets/video/generated_1788012539479_w1abmfs9.mp4,https://watch.showrunnerapp.xyz/storage/v1/object/public/video-assets/generated-images/vroll_1788008546208_1788008546209_otn3t0drzd.png
Nostalgia for a show that doesn’t exist,Neon Glitch – Scene 3,15,12matt3r,,The Static Skyline,"In a neon-drenched metropolis, a woman uncovers a haunting digital signal that blurs the line between reality and its reflection.","The camera glitches, and then the feed corrupt on the iPad. The camera takes a drone shot POV and follows the stead signal all the way down through the lines inside the tablets, sweeping out two. Umit walking down the crowded street at the end.",5c3ccbca-8fcb-4b1b-afbc-f60b4bf6e9ac,https://watch.showrunnerapp.xyz/storage/v1/object/public/video-assets/video/generated_1788012630447_51kbpfjt.mp4,https://watch.showrunnerapp.xyz/storage/v1/object/public/videos/generated_1788012630447_51kbpfjt.png
Nostalgia for a show that doesn’t exist,Static Mockery,15,12matt3r,Umit,,"In a neon city, a woman faces the digitized mockery of TV-headed figures after a fall, challenging her humanity.","@Umit #The Flux-Point Crossing A tall pedestrian deliberately shoulder-checks Umit hard, knocking her down into a wet puddle. The dense crowd immediately halts, forming a tight circle around her. Dozens of onlookers point their floating CRT devices at her, laughing mockingly in synchronized amusement at her distress.",37c2e6ed-277b-4645-9e74-980f8291a2aa,https://watch.showrunnerapp.xyz/storage/v1/object/public/video-assets/video/generated_1788012812130_zmyaakmd.mp4,https://watch.showrunnerapp.xyz/storage/v1/object/public/videos/generated_1788012812130_zmyaakmd.png
Nostalgia for a show that doesn’t exist,Static Mockery – Scene 2,15,12matt3r,,The Flux-Point Crossing,"A woman navigates a neon-lit cyberpunk city, facing mysterious TV-headed inhabitants and a high-tech surveillance drone.","Dynamic FPV drone shot zooms out first  then The camera slaloms at high speed through the laughing crowd, threads between glowing umbrellas, and shatters straight through a giant floating neon CRT hologram into digital scanlines before banking hard and corkscrewing directly into Umit’s wincing eye. Snaps to absolute pitch black.",abeba6da-782d-474d-b281-9108bb6bebee,https://watch.showrunnerapp.xyz/storage/v1/object/public/video-assets/video/generated_1788014087338_pto48o6s.mp4,https://watch.showrunnerapp.xyz/storage/v1/object/public/video-assets/generated-images/vroll_1788012524807_1788012524808_tdooepg5kns.png
Nostalgia for a show that doesn’t exist,Brace for Impact,15,12matt3r,,,A woman flees an artificial neon world after encountering a digital entity.,$3d,4082c0d5-38bf-4f93-8537-992c164a8eaf,https://watch.showrunnerapp.xyz/storage/v1/object/public/video-assets/video/generated_1788162506380_rgb4hdcv.mp4,https://watch.showrunnerapp.xyz/storage/v1/object/public/videos/generated_1788162506380_rgb4hdcv.png
Nostalgia for a show that doesn’t exist,Next Frequency,15,12matt3r,"Umit, Dana",The Relic Porch,A woman encounters a digital entity in the rain to discuss human isolation before it vanishes into a neon portal.,$3c,1ad4c37d-a751-4ef7-a5a0-a9f40c86fa12,https://watch.showrunnerapp.xyz/storage/v1/object/public/video-assets/video/generated_1788163180463_94tgdjy9.mp4,https://watch.showrunnerapp.xyz/storage/v1/object/public/videos/generated_1788163180463_94tgdjy9.png
OS // b a r d o . exe,Fragmented Souls – Scene 10,15,12matt3r,"Hymn_Proxy, Vapor_Vail, Overscan",,Digital entities face system deletion in a glitch-filled meadow. A terminal command signals the absolute end.,@Hymn_Proxy @Overscan @Vapor_Vail,92494b60-b575-46d2-bc51-57de5cdea035,https://watch.showrunnerapp.xyz/storage/v1/object/public/video-assets/video/generated_1785000557082_e7xd25wt.mp4,https://watch.showrunnerapp.xyz/storage/v1/object/public/video-assets/generated-images/vroll_1784934668475_1784934668475_5m5554tk4jo.png
OS // b a r d o . exe,Fragmented Souls – Scene 14,15,12matt3r,"Hymn_Proxy, Overscan, Vapor_Vail",The Meadow,"Surreal characters with TV heads are pulled into a chaotic digital vortex, dissolving as they merge with a cosmic stream.","From a white light, it extends through a tube simulating Internet running through wires",09d85b14-6d6c-4525-ade7-97eafb00e346,https://watch.showrunnerapp.xyz/storage/v1/object/public/video-assets/video/generated_1785000571861_dmkqoxnt.mp4,https://watch.showrunnerapp.xyz/storage/v1/object/public/video-assets/generated-images/vroll_1784934668475_1784934668475_5m5554tk4jo.png
OS // b a r d o . exe,Overwrite,15,12matt3r,"Scratch_Disk, Static_Flow, Hop_Index",,Strange beings trade a skeleton key for digital memories in a surreal landscape while being monitored by a giant mushroom.,@Scratch_Disk@Static_Flow@Hop_Index,ce13ce7a-5bc7-4996-acfb-f006f4e9f0bc,https://watch.showrunnerapp.xyz/storage/v1/object/public/video-assets/video/generated_1785730969130_hh3o8kvh.mp4,https://watch.showrunnerapp.xyz/storage/v1/object/public/videos/generated_1785730969130_hh3o8kvh.png
OS // b a r d o . exe,The Lost Ones Grow,15,12matt3r,"Pasture_Lag, Hop_Index, WrenAllo",,"A teen wakes in a glitchy, surreal meadow where a cryptic rabbit and a cyclops cow hint at strange secrets.",@WrenAllo @Hop_Index @Pasture_Lag episode start,12c18dc9-87a3-43da-ba70-ddfda916071d,https://watch.showrunnerapp.xyz/storage/v1/object/public/video-assets/video/generated_1785882954723_r9mt88k4.mp4,https://watch.showrunnerapp.xyz/storage/v1/object/public/videos/generated_1785882954723_r9mt88k4.png
OS // b a r d o . exe,The Lost Ones Grow – Scene 2,15,12matt3r,"Pasture_Lag, Hop_Index, WrenAllo",,"In a surreal digital realm, Wren receives a cryptic task from a rabbit guide while an ominous deletion command looms.",@WrenAllo @Hop_Index @Pasture_Lag,ddba6eb0-001c-4e47-a538-a167409ed2f6,https://watch.showrunnerapp.xyz/storage/v1/object/public/video-assets/video/generated_1785888941326_btt9fmwq.mp4,https://watch.showrunnerapp.xyz/storage/v1/object/public/videos/generated_1785888941326_btt9fmwq.png
OS // b a r d o . exe,The Lost Ones Grow – Scene 3,15,12matt3r,"Hop_Index, Pasture_Lag, WrenAllo",,"Wren fights digital deletion in a surreal garden, discovering a portal to her physical reality through a cryptic riddle.",@WrenAllo @Hop_Index @Pasture_Lag,dfb2e260-a338-4d28-aa52-5a67dd87696f,https://watch.showrunnerapp.xyz/storage/v1/object/public/video-assets/video/generated_1785890863806_78vtkmp9.mp4,https://watch.showrunnerapp.xyz/storage/v1/object/public/video-assets/generated-images/vroll_1785888614825_1785888614826_mg3uq26dajn.png
OS // b a r d o . exe,The Lost Ones Grow – Scene 4,15,12matt3r,WrenAllo,,"A cosmic-eyed figure battles a deletion countdown to secure digital data in a surreal, glitch-filled realm.",@WrenAllo,e61c782d-7dcb-4b50-88fc-cade69752911,https://watch.showrunnerapp.xyz/storage/v1/object/public/video-assets/video/generated_1785893296785_a1tw7dzu.mp4,https://watch.showrunnerapp.xyz/storage/v1/object/public/videos/generated_1785893296785_a1tw7dzu.png
OS // b a r d o . exe,The Lost Ones Grow – Scene 5,15,12matt3r,WrenAllo,Home,"A digital traveler uses an ancient floppy disk to delete a mysterious entity, triggering a reality-bending system reset.",@WrenAllo,1bb3a421-fb7a-4c70-ae1a-02e452c9be6e,https://watch.showrunnerapp.xyz/storage/v1/object/public/video-assets/video/generated_1786210602892_v1pnoimw.mp4,https://watch.showrunnerapp.xyz/storage/v1/object/public/video-assets/generated-images/vroll_1785892979155_1785892979156_10yd8ntjpo1n.png
OS // b a r d o . exe,Reality Offline,15,12matt3r,,,Umit awakens from a surreal simulation when a cosmic entity reveals his reality is over and he has returned home.,$3d,e245711d-b03f-414c-a035-b972ad8e4a29,https://watch.showrunnerapp.xyz/storage/v1/object/public/video-assets/video/generated_1788174966872_wjiqc30e.mp4,https://watch.showrunnerapp.xyz/storage/v1/object/public/videos/generated_1788174966872_wjiqc30e.png
OS // b a r d o . exe,Reality Offline – Scene 2,15,12matt3r,,,"Cosmic beings reflect on failed human simulations designed to be perfect, realizing that every world ended up rotten despite their best efforts.","Scene: The dark void threshold as the collapse quiets down. Floating ash settling in the dark, with Dana's liquid-light form pulsing with gentle gold and cyan caustics beside a weary Umit.

Dialogue: Umit (voice trembling with raw exhaustion): ""Every world was breathtaking... and every single one was rotten to the core. Why did we do this, Dana?"" Dana (resonant, gentle sorrow): ""They were simulations of every future humanity ever dreamed of. We thought if we gave them the perfect world, they would finally thrive.""

Action: [Extend from previous] The violent roar of the collapsing city fades into an eerie, echoing stillness. Umit stands catching her breath, staring at her dirt-streaked palms as the floating ash settles around her boots. Beside her in the darkness, Dana’s liquid-light form pulses softly, casting gentle optical caustics across Umit's face as the weight of the failed multiverse sets in.",4c40e2d3-d3d4-4e43-87d5-4a5c865419b2,https://watch.showrunnerapp.xyz/storage/v1/object/public/video-assets/video/generated_1788175674712_xkdrjzgj.mp4,https://watch.showrunnerapp.xyz/storage/v1/object/public/video-assets/generated-images/vroll_1788174583785_1788174583786_58kentim7h.png
OS // b a r d o . exe,Reality Offline – Scene 3,15,12matt3r,,,A character discusses societal collapse and lack of empathy with a cosmic entity before returning to a pod facility.,"Scene: The dark threshold before the final jump. Dana's liquid-light form intensifies into warm, pulsing golden cymatic rings, casting deep chiaroscuro rim light over Umit.

Dialogue: Umit (looking up, jaw tight): ""They collapsed because no one gave a damn about anyone else. You can't engineer empathy."" Dana (pulsing softly): ""The algorithm has run out of futures to show you. There are no more worlds to hide in."" Umit (resolute): ""Then take me back.""

Action: [Extend from previous] Umit shakes her head, her sorrow hardening into unshakeable moral clarity. Dana extends a glowing, translucent hand, enveloping Umit in a brilliant halo of golden cymatic waves. The dark space around them begins to warp as the last remnants of the simulation dissolve into a swirling vortex of warm light, preparing to collapse reality back to its origin.",af1e4aa7-618c-4610-b0fd-5f0495a20906,https://watch.showrunnerapp.xyz/storage/v1/object/public/video-assets/video/generated_1788178118277_0warltfy.mp4,https://watch.showrunnerapp.xyz/storage/v1/object/public/video-assets/generated-images/vroll_1788174583785_1788174583786_58kentim7h.png
OS // b a r d o . exe,Reality Offline – Scene 4,15,12matt3r,"Umit, Dana",The corse porch,"A masked figure returns to a familiar porch, revealing their home is a tiny unit in a massive warehouse.","Scene: Dimensional collapse snapping into total stillness. The original weathered wooden porch materializes as an isolated island under a single stark white overhead Fresnel spotlight in the pitch-black void.

Dialogue: Dana (calm, fading whisper): ""Welcome home, Umit."" Umit (choked gasp as she hits the wood): ""Back on the floorboards...""

Action: [Extend from previous] High-speed dimensional snap. The swirling golden vortex implodes with a concussive burst of light, dropping the camera straight down onto the weathered wooden floorboards of the original porch. Umit lands heavily on her hands and knees in the center of the illuminated circle under the single overhead spotlight. She bows her head, fingers gripping the worn wood in an exhausted, prayer-like pose as the black void surrounds the porch railing in total silence.",bd361f25-14d4-4dc1-a911-3c56730c13f9,https://watch.showrunnerapp.xyz/storage/v1/object/public/video-assets/video/generated_1788178787342_1dpsgqzv.mp4,https://watch.showrunnerapp.xyz/storage/v1/object/public/video-assets/generated-images/vroll_1788174583785_1788174583786_58kentim7h.png
OVERSTIMULATED OLLIE,The Screaming Road – Scene 16,15,12matt3r,,,"Eccentric characters seek a cosmic birthright. Sitting on a golden throne triggers a surreal, liquid transformation in this bizarre realm.",So why exactly are y’all here?,0cb9ed04-14c4-4911-847a-71ab209aa261,https://watch.showrunnerapp.xyz/storage/v1/object/public/video-assets/video/generated_1788321370436_pirwk4az.mp4,https://watch.showrunnerapp.xyz/storage/v1/object/public/video-assets/generated-images/vroll_1788319130745_1788319130745_4kg6sywjfo.png
OVERSTIMULATED OLLIE,The Screaming Road – Scene 16,15,12matt3r,,,Two surreal travelers meet a cosmic deity. A drug-induced outburst releases a swarm of bees in this psychedelic encounter.,So why exactly are y’all here?,95c2c25b-3f98-40d2-b210-8b90c2b878c6,https://watch.showrunnerapp.xyz/storage/v1/object/public/video-assets/video/generated_1788325250992_y8zhouqt.mp4,https://watch.showrunnerapp.xyz/storage/v1/object/public/videos/generated_1788325250992_y8zhouqt.png
OVERSTIMULATED OLLIE,The Screaming Road – Scene 17,15,12matt3r,,,Animated monsters gather in a cosmic throne room as mystical energy and a giant coin mark the start of a surreal journey.,"If you don’t mind, though, we only have so much time and we still got a little bit to go so if you’ll allow it, we’re gonna be onto the next",4623b77b-e1d0-4e59-929a-ab67c5217e04,https://watch.showrunnerapp.xyz/storage/v1/object/public/video-assets/video/generated_1788326001300_x7l1619g.mp4,https://watch.showrunnerapp.xyz/storage/v1/object/public/video-assets/generated-images/vroll_1788319130745_1788319130745_4kg6sywjfo.png
OVERSTIMULATED OLLIE,The Screaming Road – Scene 19,15,12matt3r,"The Noemotion Nomad, Sloppy, Al",,Quirky characters meet a masked entity in a trippy cosmic room. Cryptic dialogue follows.,@Sloppy @Al #The Saline Salon of Receding Realities@The Noemotion Nomad look at his mask it’s golden! who am I? NOEMOTION,5a7aeb96-caa7-4ee5-9931-1562c93e3aa7,https://watch.showrunnerapp.xyz/storage/v1/object/public/video-assets/video/generated_1788378591584_7aqkn6dx.mp4,https://watch.showrunnerapp.xyz/storage/v1/object/public/videos/generated_1788378591584_7aqkn6dx.png
OVERSTIMULATED OLLIE,The Screaming Road – Scene 20,15,12matt3r,,,"Strange characters in a cosmic room panic as a golden mask begins to breathe, triggering a surreal distortion of space and reality.",That’s kind of like being stuck between a rock and a hard place,c2bcecea-072e-47cd-b8ce-25e7169b8cc4,https://watch.showrunnerapp.xyz/storage/v1/object/public/video-assets/video/generated_1788401833341_s2apfhse.mp4,https://watch.showrunnerapp.xyz/storage/v1/object/public/video-assets/generated-images/vroll_1788378217294_1788378217295_lr3lvcoxyv.png
OVERSTIMULATED OLLIE,The Screaming Road – Scene 21,15,12matt3r,The Noemotion Nomad,The Saline Salon of Receding Realities,Two quirky cosmic travelers explore a surreal chamber and find a miniature world through a portal in a giant's mouth.,My man that’s a sign to rejoice. You found yourself. It was inside you the whole time. We gotta move two more spots to go beautiful spot. You got here though let me ask who are you?,26e6d637-0143-409b-8b5a-c4ac19aa5d6d,https://watch.showrunnerapp.xyz/storage/v1/object/public/video-assets/video/generated_1788419339558_cd4fdz5r.mp4,https://watch.showrunnerapp.xyz/storage/v1/object/public/video-assets/generated-images/vroll_1788378217294_1788378217295_lr3lvcoxyv.png
OVERSTIMULATED OLLIE,The Screaming Road – Scene 22,15,12matt3r,"Sloppy, Al",,Two zombie-like kids fall into a psychedelic realm where flowers scream and mystery coins await.,@Sloppy @Al get flushed down a toilet bowl that is reminiscent of a slide at a playground#The Brain-Tree Orchard landing in the forest where all the flowers are screaming they’re just screaming. They can’t stop screaming it’s very frightening and they are scared.,f75a9b6c-5446-4c7b-bdd3-67693e784251,https://watch.showrunnerapp.xyz/storage/v1/object/public/video-assets/video/generated_1788446193969_fsb2r608.mp4,https://watch.showrunnerapp.xyz/storage/v1/object/public/videos/generated_1788446193969_fsb2r608.png
OVERSTIMULATED OLLIE,The Screaming Road – Scene 23,15,12matt3r,,,"Two monsters find a Bitcoin in a surreal wasteland. Their discovery turns to horror as the worthless relic shatters, mocking its former glory.",Is that a bitcoin? I’ve never actually seen one in real life crazy how they used to be worth like almost $1 million and now they’re worthless because it was all a Ponzi scheme.,0071600c-2034-4bcb-ad1f-6c04852fb625,https://watch.showrunnerapp.xyz/storage/v1/object/public/video-assets/video/generated_1788459690630_rwx6vh8x.mp4,https://watch.showrunnerapp.xyz/storage/v1/object/public/video-assets/generated-images/vroll_1788445825602_1788445825603_v0adsi57yps.png
OVERSTIMULATED OLLIE,The Screaming Road – Scene 24,15,12matt3r,,The Brain-Tree Orchard,Bizarre creatures navigate a psychedelic landscape before being sucked into a cosmic void.,"All the flowers start screaming again, and they dive into a hole in the tree getting sucked into a worm hole",d0604004-bf3c-4bba-a5b3-e3d86c620516,https://watch.showrunnerapp.xyz/storage/v1/object/public/video-assets/video/generated_1788463598820_ce6p643b.mp4,https://watch.showrunnerapp.xyz/storage/v1/object/public/video-assets/generated-images/vroll_1788445825602_1788445825603_v0adsi57yps.png
OVERSTIMULATED OLLIE,The Screaming Road – Scene 25,15,12matt3r,"The Teal Gaze-Grub, Sloppy, Al",,A nervous zombie faces a surreal escape ultimatum: push his friend into a glowing portal or remain trapped in a brain-filled garden forever.,"#The Subterranean Signal Grotto @Al @Sloppy @The Teal Gaze-Grub this is the last one for today. We didn’t take it to like the grocery store we didn’t go to. There’s a few spots, but we’re already pretty deep in this episode. And as you know, it’s that time again for us to close out.",3594481d-f88f-412e-b91f-1db912d4ee1f,https://watch.showrunnerapp.xyz/storage/v1/object/public/video-assets/video/generated_1788464288026_rbv1ratj.mp4,https://watch.showrunnerapp.xyz/storage/v1/object/public/videos/generated_1788464288026_rbv1ratj.png
OVERSTIMULATED OLLIE,The Screaming Road – Scene 26,15,12matt3r,The Teal Gaze-Grub,The Subterranean Signal Grotto,"Friends fall through a dimension-shifting portal, facing a chaotic descent before landing on an unexpected giant surface.",I think we’re feeling a little heavenly some divine cosmic alignment needs to happen now get your butt in line and jump in this hole with me as they both fall in the hole sloppy is screaming at the top of his lungs,043d849e-b47c-48c0-917d-0878534c39b5,https://watch.showrunnerapp.xyz/storage/v1/object/public/video-assets/video/generated_1788464969937_qr622v6d.mp4,https://watch.showrunnerapp.xyz/storage/v1/object/public/video-assets/generated-images/vroll_1788463928075_1788463928076_v3yu053pvwl.png
OVERSTIMULATED OLLIE,The Screaming Road – Scene 18,15,12matt3r,"Ollie, Sloppy, Al",The Cosmic Throne Room,Zombies navigate a cosmic realm with shifting gravity and a golden throne before landing in a desert.,"The coin continues to flip, and as it flips it spins the camera into a dark space ending the scene with it’s spinning back out",b60cdfe8-84a1-4669-be4b-94e89e3376e6,https://watch.showrunnerapp.xyz/storage/v1/object/public/video-assets/video/generated_1788474133974_gz65y73p.mp4,https://watch.showrunnerapp.xyz/storage/v1/object/public/video-assets/generated-images/vroll_1788319130745_1788319130745_4kg6sywjfo.png
Pleasant Acres,The Faceless Lake,15,12matt3r,"Sylvia Gable, Pearl Whitlock, Hazel Montgomery",The Pleasant Acres Main Pavilion and Lake Grounds,Surreal lakeside gathering where faceless women navigate a distorted reality of missing identities and strange weather.,Talking about boys out on the beach by the lake when it starts raining,53e4ffe5-d27a-4251-9160-6954abc8e0d6,https://watch.showrunnerapp.xyz/storage/v1/object/public/video-assets/video/generated_1789221600367_za4inyqz.mp4,https://watch.showrunnerapp.xyz/storage/v1/object/public/videos/generated_1789221600367_za4inyqz.png
Pooty Resurgence,Unerasable Echoes,15,12matt3r,"Mimic-Red, Cyan-Halo, Vesper-9",Primary Location,"A defiant girl stands her ground against a transformative supernatural entity, vowing that her memories remain while a celestial guardian enforces the boundaries of a mysterious loop.",@Mimic-Red @Cyan-Halo #Primary Location @Vesper-9,4020eb67-edb4-4f44-bcc8-43212c12997c,https://watch.showrunnerapp.xyz/storage/v1/object/public/video-assets/video/generated_1790046271025_xlfu1h8m.mp4,https://watch.showrunnerapp.xyz/storage/v1/object/public/videos/generated_1790046271025_xlfu1h8m.png
Recursive Metropolis,The Infinite Node,15,Killerbrown,"Sophie, Killerbrown",,"In an infinite architectural maze, two figures realize they are trapped in a repetitive loop where every path leads back to the same node.",@Killerbrown @character 1 #Primary Location,f213a724-8171-4f9b-98ed-736be8a4e4e0,https://watch.showrunnerapp.xyz/storage/v1/object/public/video-assets/video/generated_1789608032199_dolvxb9g.mp4,https://watch.showrunnerapp.xyz/storage/v1/object/public/videos/generated_1789608032199_dolvxb9g.png
Recursive Metropolis,Punching the Code,15,12matt3r,,,"In a surreal, looping urban landscape, a rebellious puppet confronts a bread-headed entity, swearing to break through the digital fabric of their reality.",Life floating in on itself. This is all hallucination.,08b58b0a-7eb3-4919-a220-1717bd877c62,https://watch.showrunnerapp.xyz/storage/v1/object/public/video-assets/video/generated_1789683063072_43dfcahg.mp4,https://watch.showrunnerapp.xyz/storage/v1/object/public/videos/generated_1789683063072_43dfcahg.png
Recursive Metropolis,The Hallucination Exit,15,12matt3r,Killerbrown,Primary Location,"Trapped in a kaleidoscopic mirror world, a puppet and a man search for a way out. As reality bends, they realize the hallucination is their only escape from the loop.","Recursive memories stuck in an infinite loop feedback from eternal and external extremities hide your hallucination you can’t because at the end, we are all dead in the simulation affect",7bdb2543-447e-4232-893b-5bcf4ffcd8f5,https://watch.showrunnerapp.xyz/storage/v1/object/public/video-assets/video/generated_1789683199992_i4ga2svz.mp4,https://watch.showrunnerapp.xyz/storage/v1/object/public/videos/generated_1789683199992_i4ga2svz.png
Recursive Metropolis,The Hallucination Exit – Scene 2,15,12matt3r,"12matt3r, Sloppy",,"A mysterious rift splits reality, forcing two friends to question their own existence as a cosmic 'river' opens above them.",@Sloppy @Sloppy @12matt3r#The Scoured Quadrant what is happening?,b526c36b-e5d0-4b94-9c69-772344ec0e95,https://watch.showrunnerapp.xyz/storage/v1/object/public/video-assets/video/generated_1789698302415_3yzlnqa9.mp4,https://watch.showrunnerapp.xyz/storage/v1/object/public/videos/generated_1789698302415_3yzlnqa9.png
Recursive Metropolis,The Hallucination Exit – Scene 3,15,12matt3r,"Sloppy, Al",The Scoured Quadrant,"Three stylish characters plummet through a psychedelic sci-fi tunnel into a mysterious dark portal, facing a choice between a burial or a total transformation.",Down the rabbit hole,3d8717e2-1091-4afb-85e4-d116baf537fb,https://watch.showrunnerapp.xyz/storage/v1/object/public/video-assets/video/generated_1789699431714_odauwupi.mp4,
Recursive Metropolis,The Seam's Edge,15,12matt3r,"12matt3r, Noemotion, Slappy",The Somatic Sub-Sector,Three unlikely companions navigate a glitching digital corridor as they attempt to break free from a recursive loop and reach the mysterious 'Core Zero' triangulation point.,@12matt3r  #The Somatic Sub-Sector @Slappy @Noemotion,f601d51f-e3c7-41d9-b23d-3c3559f68e89,https://watch.showrunnerapp.xyz/storage/v1/object/public/video-assets/video/generated_1789700618770_8u8v057o.mp4,https://watch.showrunnerapp.xyz/storage/v1/object/public/videos/generated_1789700618770_8u8v057o.png
Recursive Metropolis,Infinite Echo,15,12matt3r,"Sloppy, Al",,"Two stylized characters navigate a dizzying, kaleidoscopic cityscape that reflects infinitely, celebrating their narrow escape from unseen rivals in this surreal sci-fi world.",@Al @Sloppy #The Chromatic Verge what the fuck where are we? At least we lost those great value losers,6d6d7a2e-4824-41f4-b946-4db52a1c21d7,https://watch.showrunnerapp.xyz/storage/v1/object/public/video-assets/video/generated_1789751414055_sj8u529h.mp4,https://watch.showrunnerapp.xyz/storage/v1/object/public/videos/generated_1789751414055_sj8u529h.png
Recursive Metropolis,Infinite Echo – Scene 2,15,12matt3r,"Al, Sloppy",The Chromatic Verge,"A chill character decides to take a nap to make things happen, only to find himself perched atop a dizzying skyscraper in a surreal urban landscape.",If there’s one thing I’ve learned it’s whenever you want something to happen just chill. Do nothing and it will so I’m taking a nap. Wake me up when we get back.,74b30b74-0e18-4943-bf5c-d90f5ddf4354,https://watch.showrunnerapp.xyz/storage/v1/object/public/video-assets/video/generated_1789751951162_rujjc3c0.mp4,
Recursive Metropolis,Hidden Masters,15,12matt3r,"Great value Al & Sloppy, Gluten-404, Slappy",,"In a high-tech cave lair, a group of eccentric puppet characters celebrate their total control over the world as a long-hidden secret is finally unveiled.","@Great value Al & Sloppy @Gluten-404 @Slappy #The Prime Broadcast Vault Al & sloppy interview, gluten and Slappy fully content running the show happy that they have won",1c787891-6d5d-4a17-9286-d3eb531db951,https://watch.showrunnerapp.xyz/storage/v1/object/public/video-assets/video/generated_1789753115032_jazfe3t0.mp4,https://watch.showrunnerapp.xyz/storage/v1/object/public/videos/generated_1789753115032_jazfe3t0.png
Recursive Metropolis,Hidden Masters – Scene 2,15,12matt3r,"Great value Al & Sloppy, Slappy, Gluten-404",The Prime Broadcast Vault,"In a retro studio, surreal puppets celebrate their new control over the signal. However, a hypnotic visual on the monitors suggests their takeover may come with a hidden cost.","Well, we’re not gonna complain. At least we found our place. @Great value Al & Sloppy @Slappy @Gluten-404 #The Prime Broadcast Vault",562295d7-b70c-4d52-a2f7-58820a927fb8,https://watch.showrunnerapp.xyz/storage/v1/object/public/video-assets/video/generated_1789753446839_wjjxtpgi.mp4,https://watch.showrunnerapp.xyz/storage/v1/object/public/videos/generated_1789753446839_wjjxtpgi.png
ROBLOXIAN BACHELOR: Baddies in His World,Byron's Big Debut,15,12matt3r,"The Bachelor (BlockzByron), Noemotion Goldmask, SHMOREZ",,"Roblox character Byron makes a grand red carpet entrance under a Minecraft archway, joined by two mysterious masked companions for a quick interview.","@Noemotion Goldmask@The Bachelor (BlockzByron)@SHMOREZ #The Amber Aisle of Arrivals ladies and gentlemen, welcome to the show Blockx Byron. He is 5 foot tall, short ribald, and slightly to the left and we welcome them into the house……… What are you most excited for Byron the intercourse",66cbbc43-b7c4-48d0-84f4-74495d98dc77,https://watch.showrunnerapp.xyz/storage/v1/object/public/video-assets/video/generated_1789580441185_aqclcfez.mp4,https://watch.showrunnerapp.xyz/storage/v1/object/public/videos/generated_1789580441185_aqclcfez.png
ROBLOXIAN BACHELOR: Baddies in His World,Byron's Big Debut – Scene 2,15,12matt3r,"Noemotion Goldmask, SHMOREZ",The Amber Aisle of Arrivals,Three competitors fall victim to a hidden trap in a high-stakes Roblox game show where efficiency is the key to survival.,"Three baddies run outside, screaming trip and fall break their noses tits fall off",a3888dfe-722b-4726-b39f-2637fbaf9878,https://watch.showrunnerapp.xyz/storage/v1/object/public/video-assets/video/generated_1789581926084_7mhnqup3.mp4,https://watch.showrunnerapp.xyz/storage/v1/object/public/video-assets/generated-images/vroll_1789579951007_1789579951007_ijdvwytkcuk.png
ROBLOXIAN BACHELOR: Baddies in His World,Byron's Big Debut – Scene 3,15,12matt3r,"Celes 'The Horizon' Solstice, The Bachelor (BlockzByron), Cosma 'The Canvas' Cloud",,A clash of styles occurs in a pixelated pub as two high-fashion icons debate the meaning of perspectives while a local keeps them in check.,@The Bachelor (BlockzByron) @Celes 'The Horizon' Solstice @Cosma 'The Canvas' Cloud#The Totem Tiki Lounge and now bring out the ladies,b0c80e5a-531b-485b-9f46-c1be967111aa,https://watch.showrunnerapp.xyz/storage/v1/object/public/video-assets/video/generated_1789583448660_apn6a5jb.mp4,https://watch.showrunnerapp.xyz/storage/v1/object/public/videos/generated_1789583448660_apn6a5jb.png
ROBLOXIAN BACHELOR: Baddies in His World,Byron's Big Debut – Scene 4,15,12matt3r,"Celes 'The Horizon' Solstice, Cosma 'The Canvas' Cloud",The Totem Tiki Lounge,"In a mysterious lounge, two powerful women challenge a figure for a pixelated rose. Tensions rise as the bloom transforms into a blade, sparking a dangerous confrontation.",They showed him what’s up wish the bad dies,44a9c3e5-af3b-474b-bbed-7fcf17ce9c11,https://watch.showrunnerapp.xyz/storage/v1/object/public/video-assets/video/generated_1789698444854_6bgfh5na.mp4,https://watch.showrunnerapp.xyz/storage/v1/object/public/video-assets/generated-images/vroll_1789583071103_1789583071103_tgzs266a38.png
ROBLOXIAN BACHELOR: Baddies in His World,Nobody Plays My Game,15,12matt3r,The Bachelor (BlockzByron),The Celestial Cerulean Terrace,"A mysterious and edgy Roblox character stands on a luxury balcony at night, issuing a stern warning to those who dare to play his game.",@The Bachelor (BlockzByron) @Misa Moon@Caya Rivers #The Celestial Cerulean Terrace to the bachelor telling his girls how the other two got sent home acting out,e06eeff6-76a0-4895-85f0-f275b5a24deb,https://watch.showrunnerapp.xyz/storage/v1/object/public/video-assets/video/generated_1789699798116_1xjg0u2p.mp4,https://watch.showrunnerapp.xyz/storage/v1/object/public/videos/generated_1789699798116_1xjg0u2p.png
ROBLOXIAN BACHELOR: Baddies in His World,The Art of Control,15,12matt3r,Siren Vane,The Bronze & Bitmapped Boudoir,"An elegant journey through luxury and beauty, exploring the concept of control as the ultimate refinement in skincare.",$3d,74ab25b0-db2d-4075-a9ee-2a14fd921931,https://watch.showrunnerapp.xyz/storage/v1/object/public/video-assets/video/generated_1789944842146_re775pyy.mp4,https://watch.showrunnerapp.xyz/storage/v1/object/public/videos/generated_1789944842146_re775pyy.png
Showrunner,Authored Reality,15,Killerbrown,"character 3, character 4",Primary Location,"In a futuristic lab, a robed golden retriever and a quirky robot ponder the evolution of audiences from passive viewers to active creators.",@character 3 @character 4 #Primary Location,12276d35-ed6e-498e-a124-1bc6be0ffe0d,https://watch.showrunnerapp.xyz/storage/v1/object/public/video-assets/video/generated_1790107471857_sgvyb958.mp4,https://watch.showrunnerapp.xyz/storage/v1/object/public/videos/generated_1790107471857_sgvyb958.png
Smoker's Cough: Dimensions in Datamosh,The Origin Node,15,12matt3r,"SHMOREZ, El PenguinO, Daffy",,"In a neon-drenched digital casino, glitchy avatars scramble for a mysterious 'origin node' as reality begins to fragment and unseen forces watch.",@SHMOREZ @El PenguinO @Daffy #The Overclockers' Casino Floor,c953acab-8534-4b5e-9401-b3918ab3f0f9,https://watch.showrunnerapp.xyz/storage/v1/object/public/video-assets/video/generated_1789539872497_yuxam6fs.mp4,https://watch.showrunnerapp.xyz/storage/v1/object/public/videos/generated_1789539872497_yuxam6fs.png
Smoker's Cough: Dimensions in Datamosh,The Origin Node – Scene 2,15,12matt3r,"The Dimensional Dealer, The Gonzo Traveler, Cyber Operative",The Overclockers' Casino Floor,"In a psychedelic, neon-drenched casino, interdimensional players bet it all until a mysterious warning reveals the game is rigged.","@The Dimensional Dealer @The Gonzo Traveler @Cyber Operative #The Overclockers' Casino Floor.  Watching the three gamble, their lives away and laughing because I know it’s gin o approved.",3f98269e-3fca-48bf-876b-c8b9ccd33fbd,https://watch.showrunnerapp.xyz/storage/v1/object/public/video-assets/video/generated_1789544284914_iv3ywtt3.mp4,https://watch.showrunnerapp.xyz/storage/v1/object/public/videos/generated_1789544284914_iv3ywtt3.png
Tales of the Interdimensional Gold Mask,The Gilded Traveler – Scene 6,15,12matt3r,,,"Trapped in a surreal city, a man in a gold mask searches for life, only to find a terrifying creature whose toxic breath holds a dark secret.","* Set: A gritty street corner near a transit hub, bathed in the flashing yellow glow of caution lights. The air is thick with a pinkish, chemical bio-exhaust venting from the grates below.
   * Action: In an over-the-shoulder two-shot, NoEmotion grabs the shoulder of a passing local man, gesturing around frantically at the massive crowd, realizing the terrifying fact that there are absolutely no women in the entire city.
   * Dialogue: ""They were just like, 'how are we supposed to communicate with you?' I start talking to this dude and I'm just like, yo where are all the women at? I don't see no bitches anywhere...""",ae6e2e3d-ebb8-48ba-9fc1-1c0b61c80344,https://watch.showrunnerapp.xyz/storage/v1/object/public/video-assets/video/generated_1789530764557_ay4ynpeo.mp4,
Tales of the Interdimensional Gold Mask,The Gilded Traveler – Scene 7,15,12matt3r,,The Gestation Slums,"In a neon-lit dystopian city, a masked man explains his unusual method of travel, triggering a mind-bending, geometric body transformation in his companion.","Set: Back on the smog-choked transit corner. The harsh cyan neon lights reflect off the polished surface of NoEmotion's golden mask.
   * Action: A dynamic push-in emphasizes NoEmotion as he shakes his head in absolute frustration, passionately explaining his unique biological requirement for dimensional travel to the highly confused local man.
   * Dialogue: ""You can't even go see a bitch without having to get on a boat... Y'all all know that the only way for me to travel to different dimensions I have to have sex...""",750d3fc6-778b-4781-849c-e879b45a69db,https://watch.showrunnerapp.xyz/storage/v1/object/public/video-assets/video/generated_1789534324053_tr6thk0h.mp4,
Tales of the Interdimensional Gold Mask,The Gilded Traveler – Scene 9,15,12matt3r,"No Emotion Gold Mask, Elara-V, Lumara",,"A man returns from the 'Eye' with a glowing entity in his chest, forcing a race against time to find a new host before the resonance window seals shut.",@No Emotion Gold Mask @Elara-V @Lumara #Primary Location,28a0b047-ff26-4301-a55f-4d34b454b824,https://watch.showrunnerapp.xyz/storage/v1/object/public/video-assets/video/generated_1789539870333_cqvsnzao.mp4,https://watch.showrunnerapp.xyz/storage/v1/object/public/videos/generated_1789539870333_cqvsnzao.png
Tales of the Interdimensional Gold Mask,The Gilded Traveler – Scene 10,15,12matt3r,"Elara-V, Lumara",Primary Location,"A mysterious figure in a dark corridor reveals the origin of his interdimensional powers. As his mask disintegrates, a glowing, pulsating energy core is exposed within his body.","Set: A gritty, dimly lit alleyway textured with exposed, rust-streaked piping and flickering cyan fluorescent tube lights. The wet asphalt reflects the sickly neon glow of nearby street vendors. Steam billows from a large grate, adding a dense, atmospheric haze that clings to the brutalist concrete walls.
   * Action: A low-angle, handheld tracking shot slowly pushes in on NoEmotion as he stands in the steam, gesturing emphatically with his hands to the local man, explaining the mechanics of his dimensional powers with absolute seriousness.
   * Dialogue: ""...her vagina get my power so I get my power from. To interdimensionally travel here in our dimension I don't have no problem doing
hat.""",9b7a4c73-8571-4ab6-a078-5c29ca6ac2c2,https://watch.showrunnerapp.xyz/storage/v1/object/public/video-assets/video/generated_1789543383571_86eyozb9.mp4,
Tales of the Interdimensional Gold Mask,The Specimen Room,15,12matt3r,"No Emotion Gold Mask, Glitch-Phase, Fixer-Felis",The Flesh-Crafter's Kiosk,"A man ventures into a dark, bio-organic laboratory. Surrounded by mysterious specimens in jars, he encounters a glitching reality that challenges his perception of self.","  * Set: The entrance to a subterranean marketplace. The architecture shifts from concrete to ribbed, synthetic material resembling a giant ribcage. Sickly yellow and magenta neon signs buzz overhead, casting long, dramatic shadows. Cables that look disturbingly like thick black veins snake along the ceiling, dripping condensation.
   * Action: A steady tracking shot from behind follows NoEmotion and the local man as they descend a set of grated metal stairs into the underground market. The local leads the way, gesturing broadly to explain the technology.
   * Dialogue: ""First of all, this fucking sausage party going on over here is not cool. The guy was like, we got to go to the homing store. It would home in on whoever you think about, so you attach it to your neck.""

 @No Emotion Gold Mask @Glitch-Phase #The Flesh-Crafter's Kiosk@Fixer-Felis",c63e456a-140c-4a4a-8d0f-1228bea5bf7e,https://watch.showrunnerapp.xyz/storage/v1/object/public/video-assets/video/generated_1789584090432_9itu5p5u.mp4,https://watch.showrunnerapp.xyz/storage/v1/object/public/videos/generated_1789584090432_9itu5p5u.png
Tales of the Interdimensional Gold Mask,Other Dimensions,15,12matt3r,,,"Masked figures in a dystopian city discuss the bizarre realities of other dimensions, leading to a chilling encounter with a multi-eyed entity.","Set: The same claustrophobic alleyway, but focusing on a wall plastered with torn, holographic propaganda posters depicting male workers toiling away. The damp, bio-organic grime of the city is evident in the corners, where dark, viscous moisture seeps between the heavy concrete bricks.
   * Action: The camera circles them in a smooth, cinematic orbit. NoEmotion shakes his head in disbelief while the local man urgently points a finger directly at NoEmotion's bare neck, insisting on the necessity of the biological device.
   * Dialogue: ""Sometimes I go to other dimensions where there might not be human vagina... but the guy was like yo, you got to put this fucking thing on your neck in order for you to talk to women...""",fd748a2d-a5c4-4d3c-9291-546247ea1dd6,https://watch.showrunnerapp.xyz/storage/v1/object/public/video-assets/video/generated_1789696783657_m9u7m34m.mp4,https://watch.showrunnerapp.xyz/storage/v1/object/public/videos/generated_1789696783657_m9u7m34m.png
Tales of the Interdimensional Gold Mask,Synthetic Small Talk,15,12matt3r,Gotti,The Overgrown Data-Farm,"In a dark, brain-filled lab, a newcomer in a gold mask tries to strike up an awkward conversation with a blood-stained cyborg.","Set: Inside the Homing Store. The walls are lined with stainless steel surgical trays and rusted medical instruments. A heavy, translucent plastic curtain, stained with purple and red fluids, separates the front counter from a dark back room. The air feels clinically cold and smells of copper and ozone.
   * Action: A low-angle shot looking up at the Store Vendor, a heavily augmented, scarred man leaning over the metal counter. The camera pans slightly to NoEmotion, who casually waves a hand, explaining his temporary stay in the dimension.
   * Dialogue: ""The guys are like, 'whoa, never had a homing device on your neck before?' And I'm like, no I haven't. I'm new here, just here for a little bit, trying to find out where all the women are...""",4a07c533-3eec-4e2b-a712-3049c72338c7,https://watch.showrunnerapp.xyz/storage/v1/object/public/video-assets/video/generated_1789696635478_knka7dgn.mp4,https://watch.showrunnerapp.xyz/storage/v1/object/public/videos/generated_1789696635478_knka7dgn.png
Tales of the Interdimensional Gold Mask,Other Dimensions – Scene 2,15,12matt3r,,,A mysterious customer visits a strange meat shop and strikes a deal with a grotesque fleshy entity behind the glass.,"Set: The exterior of the ""Homing Store""—a grotesque, butcher-shop-style stall. Instead of electronics, the glass display cases are fogged with cold condensation and filled with rows of twitching, fleshy, bio-organic masses. Harsh, surgical white lights hang directly above, contrasting with the grime of the surrounding market.
   * Action: A tight two-shot framing NoEmotion and the local man standing in front of the fleshy display cases. The camera slowly pushes in as NoEmotion leans nonchalantly against the glass, shrugging his shoulders confidently when asked how he intends to pay.
   * Dialogue: ""...and he's like 'what colour homing do you want?' I was like, I only seen red ones. He was like, 'do you have any money?' I was like, I don't have no money, but I have my ways... I could make it happen.""",d59a8deb-536d-49b5-89d2-9945d38c45cc,https://watch.showrunnerapp.xyz/storage/v1/object/public/video-assets/video/generated_1789698206927_wnq6cq7u.mp4,
Tales of the Interdimensional Gold Mask,Other Dimensions – Scene 3,15,12matt3r,,,"In a clandestine lab, masked figures debate the value of rare specimens. A demand for a 'red one' unleashes a horrifying entity that defies comprehension.","The same grimy, steel-plated store counter. Behind the vendor, shelves hold jars of suspended, writhing yellow and green homing units. The lighting is harsh and sterile, casting deep, dramatic shadows of the hanging surgical tools across NoEmotion’s golden mask.
   * Action: A dynamic, chest-level tracking shot follows the Vendor as he tries to offer a cheap yellow unit from a jar. The camera snaps back to NoEmotion, who slams his hand on the metal counter, pointing assertively toward the back room, demanding the top-tier red unit.
   * Dialogue: ""Guy is like, 'let me go get you a homing... don't get you a yellow homing because the red ones are super expensive.' I said, man get the fuck out of here with that, get me a red one!""",ca5c7d26-bdf4-4d84-a2a5-5fb435fd1e3f,https://watch.showrunnerapp.xyz/storage/v1/object/public/video-assets/video/generated_1789698942096_kzddwlcq.mp4,
Tales of the Interdimensional Gold Mask,Other Dimensions – Scene 4,15,12matt3r,,,A mysterious encounter in a lab takes a surreal turn when a bloody briefcase reveals a haunting reflection in the floor's crimson puddle.,"* Set: The metal counter of the shop. Focus is on a heavy, insulated bio-hazard lockbox that has just been slammed onto the stainless steel surface. Thick, dark red blood pools rapidly beneath the box, dripping off the edge of the counter onto the concrete floor. The sterile white lighting makes the deep red fluid violently pop visually.
   * Action: An extreme, stylized macro close-up with a slow tilt-down. The camera starts on the Vendor's gloved hands pushing the heavy, bleeding box across the counter, then tilts down to follow a thick stream of dark blood as it drips onto the floor, while NoEmotion and his buddy watch in disgust.
   * Dialogue: ""He comes to me with the homing box. And the homing box is like dripping with blood. Blood is dripping out of this box, it was so weird. He walks up and blood is all over the counter...""",0845189c-237e-42b2-ac2e-0e1c0ddfb5a0,https://watch.showrunnerapp.xyz/storage/v1/object/public/video-assets/video/generated_1789699596374_xiwq4aqs.mp4,
Tales of the Interdimensional Gold Mask,Other Dimensions – Scene 5,15,12matt3r,"Dither, Entropic-Gaze",The Brutalist Drop Zone,"A mysterious narrator reveals a bizarre organic cube in a hidden lab. When the specimen attaches to a scientist, a terrifying and monstrous transformation begins.","Set: The sterile, metal-plated counter of the Homing Store. The heavy bio-hazard box sits open, revealing a bed of synthetic, glowing gel. Thick, dark blood continues to drip steadily onto the concrete floor.
Action: A high-angle macro shot looking down. The Vendor’s gloved hand reaches into the bloody gel and pulls out a squirming, square piece of red meat with thin, frantic, jellyfish-like tentacles hanging from the bottom.
Dialogue: ""...pulls out this fucking like organism and it has little tentacles... it's a square little piece of meat hanging from the bottom of it, like little tentacles hanging... like a speck of fucking jellyfish.""",91f91102-13b6-4d31-8bb0-e11fb63ad087,https://watch.showrunnerapp.xyz/storage/v1/object/public/video-assets/video/generated_1789700384509_y50xomlh.mp4,
Tales of the Interdimensional Gold Mask,The Specimen Room – Scene 2,15,12matt3r,"No Emotion Gold Mask, Glitch-Phase, Fixer-Felis",The Subsidized Bio-Fuel Interchange,"In a gritty underground market, a masked man encounters a mysterious entity, only to realize he and the crowd are part of a sinister, interconnected network.","@No Emotion Gold Mask @Glitch-Phase @Fixer-Felis Set: Deep inside the underground bazaar. It's a crowded, labyrinthine space filled with vendors under hanging, tattered tarps. The air is thick with colored smoke and the hum of bio-mechanical machinery. In the background, glowing vats of amniotic fluid illuminate the faces of passing male citizens, all sporting neck parasites.
   * Action: A cinematic over-the-shoulder shot from NoEmotion's perspective. He pulls out a sleek modern smartphone from his pocket, holding it up dismissively as the local man shakes his head at the primitive tech. They continue walking toward a brightly lit stall.
   * Dialogue: ""Boom boom, then you home in on what you want. Like this right here on your phone is primitive compared to them. Everything they think or want is instant info. Me and this dude go to the homing store...""
 #The Subsidized Bio-Fuel Interchange",9c70dc12-57e7-482f-bbdb-3ca719261d56,https://watch.showrunnerapp.xyz/storage/v1/object/public/video-assets/video/generated_1789749994498_xo8tn603.mp4,https://watch.showrunnerapp.xyz/storage/v1/object/public/videos/generated_1789749994498_xo8tn603.png
That Time Again with Al & Sloppy,The Great Value Guest,15,12matt3r,,The Painterly Public Access Studio,Hosts of the puppet talk show 'That Time Again' introduce a strangely familiar guest in a meta-comedy about generative media.,Hello folks It’s that time again and y’all know what it is today we have special guest on the show for part two of our AI slob recreation travesty welcome great value Al & sloppy,d0feb41b-d0be-4dd5-b404-426d59278410,https://watch.showrunnerapp.xyz/storage/v1/object/public/video-assets/video/generated_1789748372926_g6cexilc.mp4,https://watch.showrunnerapp.xyz/storage/v1/object/public/videos/generated_1789748372926_g6cexilc.png
That Time Again with Al & Sloppy,The Great Value Guest – Scene 2,15,12matt3r,"Great value Al & Sloppy, Sloppy, Al",The Technicolor Time-Chamber,"In a neon-lit void, puppets debate art before showing off their latest bizarre dance move: the worm with extra knees. A surreal and comedic display of puppetry.",@Al @Sloppy @Great value Al & Sloppy battle each other in a dance off #The Technicolor Time-Chamber,e662931d-977d-4452-ac2c-9dab5ddcb59e,https://watch.showrunnerapp.xyz/storage/v1/object/public/video-assets/video/generated_1789749152474_z87m6kk1.mp4,https://watch.showrunnerapp.xyz/storage/v1/object/public/videos/generated_1789749152474_z87m6kk1.png
That Time Again with Al & Sloppy,The Great Value Guest – Scene 3,15,12matt3r,"Great value Al & Sloppy, Sloppy, Al",The Hallucination Station,"When puppets try to force their friend into a portal for 'artistic recalibration,' a high-detail arm transformation threatens to blow the entire show's render budget.",@Al @Sloppy @Great value Al & Sloppy #The Hallucination Station I Al & Sloppy drag great value Al and sloppy into the hallucination station,fc005567-7ab2-48fa-8f83-bd1ec915f54c,https://watch.showrunnerapp.xyz/storage/v1/object/public/video-assets/video/generated_1789750051777_ikhwo8pc.mp4,https://watch.showrunnerapp.xyz/storage/v1/object/public/videos/generated_1789750051777_ikhwo8pc.png
That Time Again with Al & Sloppy,The Great Value Guest – Scene 4,15,12matt3r,"The Showrunner, SHMOREZ, Buffer-Happy / Blissfully Glitched Buffer (The Terminal-Lag, Eerily Detached Correspondent)",SHMOREZ DJ BOOTH,"In a molten cave, three peculiar robotic puppets monitor interdimensional signals and a mysterious finger, as the DJ prepares for an unconventional drop.","@The Showrunner @SHMOREZ @Buffer-Happy / Blissfully Glitched Buffer (The Terminal-Lag, Eerily Detached Correspondent) #SHMOREZ DJ BOOTH not care in the world just listening to bangers and watching it unfold",c5666499-8751-4a15-99cc-b47bdefb5b48,https://watch.showrunnerapp.xyz/storage/v1/object/public/video-assets/video/generated_1789751078421_8flhre90.mp4,https://watch.showrunnerapp.xyz/storage/v1/object/public/videos/generated_1789751078421_8flhre90.png
That Time Again with Al & Sloppy,The Great Value Guest – Scene 5,15,12matt3r,"Sloppy, Al",,Two eccentric puppets discuss the nature of authenticity until a mysterious glitch in a nearby television reveals a startling new reality.,@Al @Sloppy#The Emerald Sunset Stage finally we can get back to normal let’s face it. I don’t ever do anything really big. It’s good for memes. At least we know we’re the real Al & sloppy and ai will never be able to re-create that,68d1b8ca-8571-47d5-b0b0-b0bea646caba,https://watch.showrunnerapp.xyz/storage/v1/object/public/video-assets/video/generated_1789755141414_xwo5di18.mp4,https://watch.showrunnerapp.xyz/storage/v1/object/public/videos/generated_1789755141414_xwo5di18.png
That Time Again with Al & Sloppy,The Great Value Guest – Scene 6,15,12matt3r,,The Emerald Sunset Stage,"A relaxing night in front of the TV takes a surreal turn for two puppets when the screen starts fighting back, leading to a mind-bending reality shift.",That was a good episode of the hallucination station though. So maybe ai is good for something,c90eca6b-76dd-472a-8cf6-56826e5d6d62,https://watch.showrunnerapp.xyz/storage/v1/object/public/video-assets/video/generated_1789756940469_rjn0tiig.mp4,https://watch.showrunnerapp.xyz/storage/v1/object/public/video-assets/generated-images/vroll_1789754791650_1789754791651_1dfnxzozfd3.png
That Time Again with Al & Sloppy,Meatball Feelings,15,Michael Cole,"Vex, Michael Cole, Sloppy",,"Three eccentric puppets plan a voyage to the Spaghetti Dimension, but a chilling revelation about the local meatballs' feelings changes the mood.",@Vex @Michael Cole @Sloppy talk about going to the spaghetti dimension to meet the meatballs but vex has a bad vibe about it ,203d4192-9a1e-486d-b8ae-8b2aba987416,https://watch.showrunnerapp.xyz/storage/v1/object/public/video-assets/video/generated_1789822657554_rn7q2tug.mp4,https://watch.showrunnerapp.xyz/storage/v1/object/public/videos/generated_1789822657554_rn7q2tug.png
That Time Again with Al & Sloppy,Meatball Feelings – Scene 2,15,Michael Cole,"Sloppy, Al",,"Two adventurous puppets jump through a mysterious portal, landing in a blocky landscape where they discover they're being watched by giant, floating meatball eyes.",Michael is extremly excited to meet the meatballs. A magic portal opens and the group step through @Sloppy @Al #Minecraft world,7ff7c1b6-153a-4a09-9b32-1b45f143c049,https://watch.showrunnerapp.xyz/storage/v1/object/public/video-assets/video/generated_1789836781440_529becl8.mp4,https://watch.showrunnerapp.xyz/storage/v1/object/public/videos/generated_1789836781440_529becl8.png
That Time Again with Al & Sloppy,Meatball Feelings – Scene 3,15,Michael Cole,"Michael Cole, Sloppy, Al",,"Puppets find themselves in a spaghetti-filled Minecraft world where a giant, sentient meatball screams cryptic messages about the sea, leading to some unexpected research notes.",@Michael Cole @Al @Sloppy #Minecraft world look at the meatballs as spaghetti starts coming out of the floor the meatball has a mouth and says. “Salty like the sea! SALTY LIKE THE SEAAAA!”,383e7b78-2279-427d-99a7-ecd4b24fc607,https://watch.showrunnerapp.xyz/storage/v1/object/public/video-assets/video/generated_1789909859394_z99guya4.mp4,https://watch.showrunnerapp.xyz/storage/v1/object/public/videos/generated_1789909859394_z99guya4.png
That Time Again with Al & Sloppy,Meatball Feelings – Scene 4,15,Michael Cole,"Michael Cole, Sloppy, Al",,"In a blocky landscape, three puppets undergo a strange transformation into spaghetti under the gaze of a giant meatball. A notebook reveals a dark secret: this has all happened before.",@Michael Cole @Al @Sloppy begin to slowly turn into spaghetti,8bd5f927-ca5a-4509-a2ec-2d55fe7ddd13,https://watch.showrunnerapp.xyz/storage/v1/object/public/video-assets/video/generated_1789924821650_82qpb0j6.mp4,https://watch.showrunnerapp.xyz/storage/v1/object/public/videos/generated_1789924821650_82qpb0j6.png
That Time Again with Al & Sloppy,Meatball Feelings – Scene 5,15,Michael Cole,"Michael Cole, Sloppy, Al",,"Three puppet friends share a surreal philosophical moment in a giant bowl of spaghetti, unaware that a colossal chef is about to turn their artistic statement into a meal.",@Al @Sloppy @Michael Cole rapidly turn into a bowl of spaghetti and a large Italian man is ready to eat it. The scene ends as he winks at the camera and it makes a high pitched ding noise,a22e990e-27b2-4087-9b34-b763df244b6e,https://watch.showrunnerapp.xyz/storage/v1/object/public/video-assets/video/generated_1789927477305_r6g99zwd.mp4,https://watch.showrunnerapp.xyz/storage/v1/object/public/videos/generated_1789927477305_r6g99zwd.png
That Time Again with Al & Sloppy,Meatball Feelings – Scene 6,15,Michael Cole,"Al, Sloppy, Michael Cole",Minecraft world,"Three puppets find themselves in a giant toilet bowl filled with waste, only for a mysterious green glow to emerge from the bottom.",@Al @Sloppy @Michael Cole find themselves covered in liquid brown goo ina giant toilet world and a giant talking poop tells them “ this is it”,65950de0-eca9-41a8-8227-3f9a687e5f1e,https://watch.showrunnerapp.xyz/storage/v1/object/public/video-assets/video/generated_1789930974926_ohxwut2u.mp4,https://watch.showrunnerapp.xyz/storage/v1/object/public/videos/generated_1789930974926_ohxwut2u.png
The Fading Age,The Dissolving Path – Scene 3,15,12matt3r,,,"In a surreal, kaleidoscopic world, three mystical figures awaken a powerful, three-eyed feline.","The camera race is like a drone down the road of water, getting faster and faster until it loops all the way back around and comes up to the characters with a sick action shot",ba3fac94-3774-4837-9b81-c429f6ffc954,https://watch.showrunnerapp.xyz/storage/v1/object/public/video-assets/video/generated_1784692196818_ajnrico8.mp4,https://watch.showrunnerapp.xyz/storage/v1/object/public/video-assets/generated-images/vroll_1784689885556_1784689885557_5f7fzu21bp5.png
The Fading Age,The Analog Void – Scene 4,15,12matt3r,,,"Surreal beings return from a tiresome dimension. A skeletal girl shares a viscous, glitchy kiss with a television-headed entity.",The small TV explodes and it seems back out to where they first started sofa. King is on the couch. They’re all standing there. The girl has a seat beside sofa King. They kiss.,135263f7-2b30-4899-aa36-14b02a155121,https://watch.showrunnerapp.xyz/storage/v1/object/public/video-assets/video/generated_1784696236785_wvvvlvi7.mp4,https://watch.showrunnerapp.xyz/storage/v1/object/public/video-assets/generated-images/vroll_1784689886025_1784689886026_8tza3kz5edh.png
The Fading Age,The Dissolving Path – Scene 4,15,12matt3r,,,"Surreal entities witness flaming eyeballs descend from space onto a kaleidoscopic landscape, reflecting a cosmic eye.","The camera flies like a drone POV style straight up into the sky as fast as I possibly can when it reaches the edge of the atmosphere. It loses power and stops right at the edge and then drops back down, free falling, surrounded by the fiery eyes, tiny fiery eyes, and the sense of existential dread",3768dcb9-0b2a-4b07-b799-3070408abb85,https://watch.showrunnerapp.xyz/storage/v1/object/public/video-assets/video/generated_1784696269140_pqndr8g9.mp4,https://watch.showrunnerapp.xyz/storage/v1/object/public/video-assets/generated-images/vroll_1784689885556_1784689885557_5f7fzu21bp5.png
The Fading Age,The Analog Void – Scene 5,15,12matt3r,,,Two cybernetic entities are sacrificed to complete a mysterious transmission under a cloaked figure's watch.,The TV guy in the girl start slamming their heads against each other violently glitching in and out of conceptual time and dimensional space then it hard cut to them both knocked out on the floor,b25cb97d-a43e-400e-8108-ac9104d344c1,https://watch.showrunnerapp.xyz/storage/v1/object/public/video-assets/video/generated_1784697506105_jdui5gjx.mp4,https://watch.showrunnerapp.xyz/storage/v1/object/public/video-assets/generated-images/vroll_1784689886025_1784689886026_8tza3kz5edh.png
The Fading Age,The Dissolving Path – Scene 5,15,12matt3r,,,"Surreal creatures emerge from a fire vortex into a kaleidoscopic dreamscape, eventually standing on a reflective sea.",The drone flash deep to the earths core fire burning everywhere the cat digging its way in her weaving while a girl laughs seductively,7c113a24-b0f2-4dae-9cc3-5e3cf8327eea,https://watch.showrunnerapp.xyz/storage/v1/object/public/video-assets/video/generated_1784697615909_vzxm0e93.mp4,https://watch.showrunnerapp.xyz/storage/v1/object/public/video-assets/generated-images/vroll_1784689885556_1784689885557_5f7fzu21bp5.png
The Fading Age,The Dissolving Path – Scene 6,15,12matt3r,"The Raw Signal, Echo Fern, Doe-Eyed Glitch",The Submerged Intersection,Figures plummet into a fiery vortex within a colossal eye until it shatters into a prismatic void.,Zoom out into the title “the fading age” the eye blinks several times every time the fading age gets harder to read until it’s over,2afd10a1-1896-4dec-b26a-b190ce224154,https://watch.showrunnerapp.xyz/storage/v1/object/public/video-assets/video/generated_1784698580785_vcw9axno.mp4,https://watch.showrunnerapp.xyz/storage/v1/object/public/video-assets/generated-images/vroll_1784689885556_1784689885557_5f7fzu21bp5.png
The Fading Age,The Analog Void – Scene 6,15,12matt3r,"The Sofa King, Chrome Kitten, Spiral Static",The Floral Liminality,"Surreal entities and skeletal remains emerge through a distorted TV signal, marking the arrival of the fading age.",The TV powers up and reads ” the fading age “ till everything goes black,4a10e7c5-4657-4abb-a300-d2cc9ee18800,https://watch.showrunnerapp.xyz/storage/v1/object/public/video-assets/video/generated_1784699831639_prydfbxx.mp4,https://watch.showrunnerapp.xyz/storage/v1/object/public/video-assets/generated-images/vroll_1784689886025_1784689886026_8tza3kz5edh.png
The Fading Age,Someone Else's Problem,15,12matt3r,"Silver — The Sunshine Twin, Checkmate, Gold — The Sunshine Twin",The Neon Stage,Three ethereal figures in a vibrant neon landscape discuss a gravity-defying ballet and its legendary creator in this surreal performance piece.,"@Silver — The Sunshine Twin @Checkmate@Gold — The Sunshine Twin #The Neon Stage A dynamic, psychedelic wide shot of a 'beautiful ballet dance of absurdity' that is 'unhinged,' performed on a stage composed of swirling, translucent slushwave liquid, which ripples in a logic-defying, slow-motion blend. Multiple dancers with fluid, 1930s rubber-hose limbs perform impossibly graceful ballet leaps, pirouettes, and tendus amidst a chaotic, cascading environment. Another dancer, a character with multiple, cascading rubber-hose arms, is in a deep arabesque, with the extra limbs impossibly balancing giant, melting neon rubber-hose beautiful ballet dance of absurdity",663579b5-e2d3-497d-96e1-30c5800bc944,https://watch.showrunnerapp.xyz/storage/v1/object/public/video-assets/video/generated_1784777879483_trjrh8yx.mp4,https://watch.showrunnerapp.xyz/storage/v1/object/public/videos/generated_1784777879483_trjrh8yx.png
The Fading Age,The Fourth Star,15,12matt3r,Umit,The Prismatic Ziggurat,"A three-eyed woman navigates a futuristic ziggurat, critiquing its digital interfaces and grappling with existential dread in a vibrant cyberpunk world.","@Umit First-person POV from pitch black. Eyelids blink open to brilliant turquoise skies, bubbly water architecture, and floating translucent digital UI windows. #The Prismatic Ziggurat",88529a84-c66d-4348-a807-c7445362f720,https://watch.showrunnerapp.xyz/storage/v1/object/public/video-assets/video/generated_1788029676096_gt2wrt91.mp4,https://watch.showrunnerapp.xyz/storage/v1/object/public/videos/generated_1788029676096_gt2wrt91.png
The Fading Age,The Neighborly Cryptid,15,12matt3r,Umit,The Static Suburbs,"A multi-eyed woman confronts suit-clad neighbors in a surreal suburb, cryptically identifying them as 'HWP people.'","@Umit Camera pulls back to third-person. Umit approaches a group of impeccably dressed locals standing near a glossy water fountain, holding her hands up pleadingly.#The Static Suburbs",016d92a3-45a0-4b47-aa4c-404efd82f8ee,https://watch.showrunnerapp.xyz/storage/v1/object/public/video-assets/video/generated_1788029833634_ycb4ekoe.mp4,https://watch.showrunnerapp.xyz/storage/v1/object/public/videos/generated_1788029833634_ycb4ekoe.png
The Fading Age,Slipstream Scorn,15,12matt3r,Umit,,"Mystical three-eyed traveler enters a psychedelic saloon, facing mockery from locals with a defiant retort about her journey.","@Umit The locals look her up and down, mockingly laugh at her worn clothing, and shove directly through her path, leaving her stumbling on the glossy tiles. #The Gilded Slipstream",5c67266e-5b79-4edd-b683-3c36e8b12157,https://watch.showrunnerapp.xyz/storage/v1/object/public/video-assets/video/generated_1788029848773_8njlaqzb.mp4,https://watch.showrunnerapp.xyz/storage/v1/object/public/videos/generated_1788029848773_8njlaqzb.png
The Fading Age,Shattered Sight,15,12matt3r,Umit,The Gilded Slipstream,"A three-eyed traveler in a neon, liquid realm experiences a reality-shattering event when a mysterious window opens.","@Umit FPV drone camera skips rapidly across the fountain water, barrels straight through a floating translucent UI window, and dives directly into Umit's eye. Snaps to absolute pitch black. #The Gilded Slipstream",a7c5beef-738a-49fd-9669-309224148440,https://watch.showrunnerapp.xyz/storage/v1/object/public/video-assets/video/generated_1788029953190_xk1h7j22.mp4,https://watch.showrunnerapp.xyz/storage/v1/object/public/videos/generated_1788029953190_xk1h7j22.png
The festival,The Secret Stage,15,12matt3r,"Barnaby, Vixen, Gummie",The Outer Ridge Camping Precinct,Creatures share a smoke on a ridge before chasing a hidden stage at a vibrant desert music festival.,@Barnaby @Vixen@Gummie smoking a joint on the way into the festival #The Outer Ridge Camping Precinct,0dc4e690-4d50-445c-a910-637a478e277e,https://watch.showrunnerapp.xyz/storage/v1/object/public/video-assets/video/generated_1786762645623_qg97deau.mp4,https://watch.showrunnerapp.xyz/storage/v1/object/public/videos/generated_1786762645623_qg97deau.png
The festival,Totem Pulse,15,12matt3r,"Prism, Glitch, Slick",The Totem Soundstage,Three quirky friends experience a surreal desert festival where giant totems breathe.,@Prism @Glitch @Slick  tripping balls,d89e24d9-f302-4e03-9f16-010732eefd47,https://watch.showrunnerapp.xyz/storage/v1/object/public/video-assets/video/generated_1786762769045_b042yay0.mp4,https://watch.showrunnerapp.xyz/storage/v1/object/public/videos/generated_1786762769045_b042yay0.png
The festival,Unscripted Stage,15,dagarith,dagarith,,"A bohemian puppet welcomes viewers to a surreal festival, cryptically discussing life’s unscripted nature.",@dagarith,1b6cda8d-2056-44f9-8d85-11fc2c763f5c,https://watch.showrunnerapp.xyz/storage/v1/object/public/video-assets/video/generated_1786917611268_j9abdybl.mp4,https://watch.showrunnerapp.xyz/storage/v1/object/public/videos/generated_1786917611268_j9abdybl.png
The Final Trip,The Melting Hour – Scene 19,15,12matt3r,"Puck the Gilded Awestruck, Griz the Static-Watcher, Syli the Multifold",,"Surreal beings face a cosmic vortex, ready for an eternal journey in a vibrant, otherworldly landscape.",THE END @Syli the Multifold @Puck the Gilded Awestruck @Griz the Static-Watcher THE END,edc45b5c-5bbe-4d24-9da8-6e166246ce5e,https://watch.showrunnerapp.xyz/storage/v1/object/public/video-assets/video/generated_1784940249466_5ewiu00c.mp4,https://watch.showrunnerapp.xyz/storage/v1/object/public/videos/generated_1784940249466_5ewiu00c.png
The Final Trip,The Melting Hour – Scene 2,15,12matt3r,,,A cosmic mentor and a young pilgrim reach a surreal boundary where time and dimensions blur.,"A white light takes you in through an underwater purple goofiness, and then zooms back out to the characters",95421bd7-c621-4ee5-9a92-2cf8bdb480cc,https://watch.showrunnerapp.xyz/storage/v1/object/public/video-assets/video/generated_1785000765319_cpp565nd.mp4,https://watch.showrunnerapp.xyz/storage/v1/object/public/video-assets/generated-images/vroll_1784910688478_1784910688478_mi18kmmqgp.png
The Final Trip,The Melting Hour – Scene 7,15,12matt3r,,,"A hall of watching eyes leads to a stone face weeping golden tears, exploring the weight of ancient memories.",The eyeball  starts zooming POV drone style forward until  it turns into a bunch of eyeballs lining a hallway,b165a7c6-3f3d-4b4c-b6c4-b37b28daee89,https://watch.showrunnerapp.xyz/storage/v1/object/public/video-assets/video/generated_1785000790261_d5t7fiek.mp4,https://watch.showrunnerapp.xyz/storage/v1/object/public/video-assets/generated-images/vroll_1784910688478_1784910688478_mi18kmmqgp.png
The Final Trip,The Melting Hour – Scene 12,15,12matt3r,"Bix the Twilight Courier, Zin the Tide-Caller, Olo the Void-Walker",,Surreal entities witness their identities being rewritten by a cosmic tide in a psychedelic realm.,@Bix the Twilight Courier@Zin the Tide-Caller@Olo the Void-Walker,ae1b08e6-309a-4047-bb32-d51f25357dd2,https://watch.showrunnerapp.xyz/storage/v1/object/public/video-assets/video/generated_1785037295362_dj5124f2.mp4,https://watch.showrunnerapp.xyz/storage/v1/object/public/video-assets/generated-images/vroll_1784932917672_1784932917673_ewrwpicmaak.png
The Final Trip,The Melting Hour – Scene 9,15,12matt3r,"Puck the Gilded Awestruck, Griz the Static-Watcher, Syli the Multifold",,Surreal creatures traverse a bizarre optic realm and emerge into a mysterious desert landscape under the gaze of colossal statues.,@Syli the Multifold @Puck the Gilded Awestruck@Griz the Static-Watcher,86f2d239-e141-4f97-9b79-17815761c1d1,https://watch.showrunnerapp.xyz/storage/v1/object/public/video-assets/video/generated_1785037339727_mn9aqec0.mp4,https://watch.showrunnerapp.xyz/storage/v1/object/public/video-assets/generated-images/vroll_1784931517551_1784931517581_1koy6ykizsw.png
The Final Trip,The Melting Hour – Scene 6,15,12matt3r,Vorrha the Crimson Voyager,,"A cosmic eye watches a surreal journey, ending in a stitched hand. A brief, atmospheric exploration of an otherworldly gaze.","The words “the final trip” anamorphically run across the screen trips, halfway across plating into the state of recursion the feedback loop very psychedelic",2875265e-2ea5-46b7-812b-b2cb3c2f83f7,https://watch.showrunnerapp.xyz/storage/v1/object/public/video-assets/video/generated_1785037457718_8wzo5h47.mp4,https://watch.showrunnerapp.xyz/storage/v1/object/public/video-assets/generated-images/vroll_1784910688478_1784910688478_mi18kmmqgp.png
The Final Trip,The Melting Hour – Scene 14,15,12matt3r,"Nimo, Ochre the Clay Clerk, Kyro the Neon Sentinel",,Strange beings face existential dread as their reality dissolves and a mysterious dreamer begins to wake.,@Nimo@Ochre the Clay Clerk @Kyro the Neon Sentinel,fd354d0b-f18f-47b4-afc5-f0880c79a9f5,https://watch.showrunnerapp.xyz/storage/v1/object/public/video-assets/video/generated_1785037379455_3czlywr9.mp4,https://watch.showrunnerapp.xyz/storage/v1/object/public/video-assets/generated-images/vroll_1784933727754_1784933727755_iwf0ot9t25r.png
The Final Trip,The Melting Hour – Scene 18,15,12matt3r,,,"Two beings seek a cosmic homecoming, uncovering a hidden theatrical truth as their world is dismantled.",The words the final trip across the screen,c407b338-6100-4e85-aa46-3d8bd94275aa,https://watch.showrunnerapp.xyz/storage/v1/object/public/video-assets/video/generated_1785037402011_jd0rikul.mp4,https://watch.showrunnerapp.xyz/storage/v1/object/public/video-assets/generated-images/vroll_1784938420738_1784938420739_z3z6vvdg6w.png
The Final Trip,Violet and Goodbye,15,12matt3r,"Puru the Gaping Purr, Bellis the Ocular Bloom, 12matt3r",The Radiant Transit Vessel,"Three surreal characters traverse a vibrant, psychedelic hallway, discussing existence before vanishing into a blinding white light.",@Puru the Gaping Purr@Bellis the Ocular Bloom @12matt3r #The Radiant Transit Vessel,bc24182d-4554-448d-9bfb-a8d555f6ad9a,https://watch.showrunnerapp.xyz/storage/v1/object/public/video-assets/video/generated_1785731095498_e57a3hia.mp4,https://watch.showrunnerapp.xyz/storage/v1/object/public/videos/generated_1785731095498_e57a3hia.png
The Final Trip,Melting Point,15,12matt3r,"Lumis the Felt Pilgrim, Nook the Felt Witness, Olo the Void-Walker",,Surreal creatures witness their vibrant world dissolve and transform as a mystical 'reset' begins to take hold.,@Nook the Felt Witness @Olo the Void-Walker @Lumis the Felt Pilgrim episode start,6a35769e-6e38-4d92-ab09-eb408824efc5,https://watch.showrunnerapp.xyz/storage/v1/object/public/video-assets/video/generated_1785883662617_465ea1gh.mp4,https://watch.showrunnerapp.xyz/storage/v1/object/public/videos/generated_1785883662617_465ea1gh.png
The Final Trip,Melting Point – Scene 2,15,12matt3r,"Nook the Felt Witness, Olo the Void-Walker, Lumis the Felt Pilgrim",,Surreal entities in a melting universe transcend into a cosmic clock as their reality dissolves.,@Nook the Felt Witness @Olo the Void-Walker @Lumis the Felt Pilgrim,ac60d304-91ec-4575-9a42-1bc921bb6e62,https://watch.showrunnerapp.xyz/storage/v1/object/public/video-assets/video/generated_1785889036408_1mk2xiul.mp4,https://watch.showrunnerapp.xyz/storage/v1/object/public/video-assets/generated-images/vroll_1785882702241_1785882702241_tq0ggwrmiq.png
The Final Trip,Melting Point – Scene 3,15,12matt3r,"Puck the Gilded Awestruck, Syli the Multifold, Griz the Static-Watcher",Home,"Surreal entities navigate a psychedelic clock room, racing to jump through a growing fissure before time expires.",@Puck the Gilded Awestruck @Syli the Multifold@Griz the Static-Watcher,3b598455-5833-49f1-8295-3d21b7d7e696,https://watch.showrunnerapp.xyz/storage/v1/object/public/video-assets/video/generated_1785890754251_wqzljg3m.mp4,https://watch.showrunnerapp.xyz/storage/v1/object/public/videos/generated_1785890754251_wqzljg3m.png
The Great Mundane,Midnight Dispute,15,12matt3r,"Petra Koss, Reginald Overstride",The Crescent Eye Commuter Overpass,A weary official named Petra mediates a bizarre late-night dispute between surreal neighbors on a bridge under a watchful monument.,Pat tries to break up a fight between the other guys outside the trailer,b924f57c-c421-43cd-a8e1-e69a4bfae826,https://watch.showrunnerapp.xyz/storage/v1/object/public/video-assets/video/generated_1789328446689_olc46r5u.mp4,https://watch.showrunnerapp.xyz/storage/v1/object/public/videos/generated_1789328446689_olc46r5u.png
The Great Mundane,Midnight Dispute – Scene 2,15,12matt3r,"Silas Grumble, Stan Gesture, Mick Thorax",,"Surreal misfits race through a trailer park wasteland, only to encounter a chilling mystery under a vent.",@Silas Grumble@Stan Gesture @Mick Thorax #The Vapor-Plume Residential Buffer Zone three men foot race to see who’s the fastest,4c5a68e9-785d-4d68-9122-ef3bd83d3646,https://watch.showrunnerapp.xyz/storage/v1/object/public/video-assets/video/generated_1789329177001_2j7k83we.mp4,https://watch.showrunnerapp.xyz/storage/v1/object/public/videos/generated_1789329177001_2j7k83we.png
The Great Mundane,Midnight Dispute – Scene 3,15,12matt3r,,,Strange creatures explore a sewer and find themselves lifted high above a wasteland by a massive robotic arm.,The finger guy laughs and says this won’t be the first time I’ve been in a hole and jumps in the hole with them,efc150c7-37b3-4853-9337-9745d67c24e6,https://watch.showrunnerapp.xyz/storage/v1/object/public/video-assets/video/generated_1789330094017_l59xxaxu.mp4,https://watch.showrunnerapp.xyz/storage/v1/object/public/video-assets/generated-images/vroll_1789328708064_1789328708064_odaz4kas4p.png
The Great Mundane,Midnight Dispute – Scene 4,15,12matt3r,"Silas Grumble, Stan Gesture",The Vapor-Plume Residential Buffer Zone,Surreal characters in a wasteland witness a metallic crane's flight from a giant robotic hand.,"The giant robot hand slaps them down on the ground and flatten him like a pancake, and then the hand starts talking trash like look I’m still annoyed. I’m still winning losers",3c91f5cf-1211-4633-8c31-9a45c431f673,https://watch.showrunnerapp.xyz/storage/v1/object/public/video-assets/video/generated_1789332333080_2vtbt0yx.mp4,https://watch.showrunnerapp.xyz/storage/v1/object/public/video-assets/generated-images/vroll_1789328708064_1789328708064_odaz4kas4p.png
The Great Mundane,That's How the Pickle Crumbles,15,w8wbg87r6f,"Mick Thorax, Barnaby Crust, Grandpa Pickle",The Sub-Grade Social-Recreational Sump,An irritable bread-headed man vents about a neighbor's lawn complaint while a giant cockroach watches TV and a pickle rolls by with a philosophical remark.,@Mick Thorax @Barnaby Crust@Grandpa Pickle ,66a3fb52-9c6b-4ff8-a2f3-b83ae4c408db,https://watch.showrunnerapp.xyz/storage/v1/object/public/video-assets/video/generated_1789441553955_869jpiag.mp4,https://watch.showrunnerapp.xyz/storage/v1/object/public/videos/generated_1789441553955_869jpiag.png
The Hallucination Station,Shelf Life – Scene 2,15,w8wbg87r6f,The Custard-Curator,,"A cheerful claymation host organizes emotions into bins until a monstrous encounter leads to a surreal, melting transformation.",Continue,36fb3cff-2777-40bc-927d-2868e01a55c3,https://watch.showrunnerapp.xyz/storage/v1/object/public/video-assets/video/generated_1788654627669_bbbl2zno.mp4,https://watch.showrunnerapp.xyz/storage/v1/object/public/video-assets/generated-images/vroll_1788653831329_1788653831330_mg8q9xc5hkj.png
The Hallucination Station,Shelf Life – Scene 3,15,w8wbg87r6f,"Mr. Fruity, Sloppy, Al",,"Arthur is missing. A countdown ticks down as a living cereal box takes over the lesson amidst glitchy, surreal chaos.",#The Psychotropic Suburb @Mr. Fruity @Al @Sloppy The Custard Curator took Arthur away,5b08812c-7f00-4e28-8683-124e25aebb69,https://watch.showrunnerapp.xyz/storage/v1/object/public/video-assets/video/generated_1788656760713_hkdb1mcz.mp4,https://watch.showrunnerapp.xyz/storage/v1/object/public/videos/generated_1788656760713_hkdb1mcz.png
The Hallucination Station,Shelf Life – Scene 4,15,w8wbg87r6f,,,"A stressed puppet crew replaces their host with a cereal box. The new host performs a magic trick, leaving its face a literal void in the cardboard.",They agree to let him host,85da4332-1059-445c-bb52-1a9ca0b9c946,https://watch.showrunnerapp.xyz/storage/v1/object/public/video-assets/video/generated_1788658670909_ysqqz0lt.mp4,https://watch.showrunnerapp.xyz/storage/v1/object/public/video-assets/generated-images/vroll_1788656422960_1788656422961_7n775w3xk99.png
The Hallucination Station,Shelf Life – Scene 5,15,w8wbg87r6f,"Mr. Fruity, Al, Sloppy",The Psychotropic Suburb,"A tired puppet is forced into a surreal, glitched-out cereal box commercial.",Fruity screams cause his face is gone,6247cf35-1ac4-4af2-bdc9-920ca7412321,https://watch.showrunnerapp.xyz/storage/v1/object/public/video-assets/video/generated_1788659159568_nlywcugo.mp4,https://watch.showrunnerapp.xyz/storage/v1/object/public/video-assets/generated-images/vroll_1788656422960_1788656422961_7n775w3xk99.png
The Hallucination Station,The Oasis Greeting,30,w8wbg87r6f,"Captain Clench, Bruce the Dog, Arthur",,"A cyborg and a strange dog meet in the desert, leading to a surreal lesson on sharing and friendship.",@Arthur @Captain Clench@Bruce the Dog #The Styrofoam Wild-West Oasis meet Bruce ,42854fe0-5aab-4612-bb13-e901e5a703f2,https://watch.showrunnerapp.xyz/storage/v1/object/public/video-assets/video/generated_1789174025460_vaoh9nq9.mp4,https://watch.showrunnerapp.xyz/storage/v1/object/public/videos/generated_1789174025460_vaoh9nq9.png
The Hallucination Station,The Oasis Greeting – Scene 2,15,w8wbg87r6f,"Captain Clench, Bruce the Dog, Arthur",,,@Arthur @Captain Clench @Bruce the Dog Bruce tries to eat captain clench #The Styrofoam Wild-West Oasis,a4f21d86-a227-45c5-92df-efbf0fa201c1,https://watch.showrunnerapp.xyz/storage/v1/object/public/video-assets/video/generated_1789181797306_8fdj049i.mp4,https://watch.showrunnerapp.xyz/storage/v1/object/public/videos/generated_1789181797306_8fdj049i.png
The Hallucination Station,The Fourth Wall,15,12matt3r,"Splash-Zone Sparky, Barnaby Bill, Arthur",,"The host and his puppet companions explore the number four at Hallucination Station, focusing on the four walls surrounding them.",@Arthur@Splash-Zone Sparky @Barnaby Bill #The Archival Rehearsal Chamber hi folks and welcome to the hallucination station today. The show is about the number four.,5d977b79-b4de-48bc-9861-4fbf3d926407,https://watch.showrunnerapp.xyz/storage/v1/object/public/video-assets/video/generated_1789329194213_qg5zcmhl.mp4,https://watch.showrunnerapp.xyz/storage/v1/object/public/videos/generated_1789329194213_qg5zcmhl.png
The Hallucination Station,Count to Four,15,12matt3r,"The Buoyancy Brigade, Honey-Hush, Snouty Sam",,"Fuzzy creatures lead a rhythmic counting lesson in a surreal, pink desert landscape filled with strange friends.","@The Buoyancy Brigade@Honey-Hush@Snouty Sam #The Styrofoam Wild-West Oasis one giant dance party everybody’s dancing, dancing on the ceiling dancing on the floor, shaking their booty counting to four",6b3e535b-94e6-4d4e-8fda-5b0057242694,https://watch.showrunnerapp.xyz/storage/v1/object/public/video-assets/video/generated_1789329420769_eglss85w.mp4,https://watch.showrunnerapp.xyz/storage/v1/object/public/videos/generated_1789329420769_eglss85w.png
The Hallucination Station,Giving Lunch,15,12matt3r,"Grandma Glitch-Quilt, Tiffany 4K-Gloss, Sister Sprout",,"Three eerie creatures prepare a mysterious pink dessert in a colorful, unsettling kitchen.",@Sister Sprout @Grandma Glitch-Quilt @Tiffany 4K-Gloss #The Melting Crafts Kitchenette making lunch in the kitchen for everybody,e0e995ee-7f12-4c7d-8397-b80c0cd0c8ee,https://watch.showrunnerapp.xyz/storage/v1/object/public/video-assets/video/generated_1789329381480_993vabla.mp4,https://watch.showrunnerapp.xyz/storage/v1/object/public/videos/generated_1789329381480_993vabla.png
The Hallucination Station,Count to Four – Scene 2,15,12matt3r,"The Buoyancy Brigade, Honey-Hush, Snouty Sam",The Styrofoam Wild-West Oasis,"In a surreal pink desert, creatures pop and leak fluid. As the background collapses, a massive eye watches the aftermath.","The ones on the ceiling, fall down and get hurt and start crying",fd6d7676-6033-4d21-b7a7-3fb93488f7f7,https://watch.showrunnerapp.xyz/storage/v1/object/public/video-assets/video/generated_1789330063524_n0ow9sfq.mp4,
The Hallucination Station,The Fourth Wall – Scene 2,15,12matt3r,"Arthur, Splash-Zone Sparky, Barnaby Bill",The Archival Rehearsal Chamber,Puppet violence leads to a creature's legs detaching and walking away.,The two pink guys one of them puts the other one in a figure 4 leg lock and says look figure 4 and rips his legs apart,4dbd9ff3-8730-4bcd-af5b-46fc5c8891a7,https://watch.showrunnerapp.xyz/storage/v1/object/public/video-assets/video/generated_1789330160750_e63out53.mp4,
The Hallucination Station,Giving Lunch – Scene 2,15,12matt3r,"Sister Sprout, Grandma Glitch-Quilt, Tiffany 4K-Gloss",The Melting Crafts Kitchenette,"Creatures in a pastel kitchen prepare a meal featuring a sentient, screaming jelly. A brief, surreal horror vignette.",You hear a man offscreen yell are y’all not done yet? God what time is it like 4 o’clock? Y’all were supposed to be done at 12. Where’s my lunch?,223a891a-4cf6-4a46-9249-2d4d80f74d59,https://watch.showrunnerapp.xyz/storage/v1/object/public/video-assets/video/generated_1789330236296_34eszlp2.mp4,
the last organic witness,Forgotten Seeds,15,12matt3r,"Inaya, Nadir-X, Arxon-Vel",The Promenade of the Thousandfold Face,"In a futuristic city, a dying girl and a mutating man confront a cold cyborg, pleading for their memories to be preserved.",@Arxon-Vel @Nadir-X @Inaya #The Promenade of the Thousandfold Face,7168ccba-6f56-4ceb-a93d-b4c14a33b4b0,https://watch.showrunnerapp.xyz/storage/v1/object/public/video-assets/video/generated_1788058063973_vgknx66m.mp4,https://watch.showrunnerapp.xyz/storage/v1/object/public/videos/generated_1788058063973_vgknx66m.png
the last organic witness,The Breathing Spires,15,12matt3r,Umit,The Obsidian Abyss of the Lower Spires,"A cyborg explorer discovers a lush, glowing city where technology and nature have fused into a living ecosystem.","@Umit (Wake-Up — Canopy Parting & Golden God-Rays): First-person POV from pitch black. Two trembling hands push aside thick, dewy bioluminescent fern fronds. Eyelids blink open as warm golden-hour sunbeams pierce through the jungle mist, illuminating ancient moss-covered server monoliths. #The Obsidian Abyss of the Lower Spires",902d6df2-498b-4e47-b3aa-ff3ae8043311,https://watch.showrunnerapp.xyz/storage/v1/object/public/video-assets/video/generated_1788070570530_iyujrvrc.mp4,https://watch.showrunnerapp.xyz/storage/v1/object/public/videos/generated_1788070570530_iyujrvrc.png
the last organic witness,The Gatekeeper,15,12matt3r,"Maro, Umit",,"A guardian blocks a contaminated outsider from entering the gate, sparking a tense confrontation as security descends.","@Umit@Maro #The Verdant Threshold Gate  A botanical caretaker in organic fiber gear charges along the bridge, screaming with wild eyes, aggressively shielding the plant with their body, and treating Umit like a biohazard contaminant.",44b2c954-36e4-48b6-8726-a9b70f65e18c,https://watch.showrunnerapp.xyz/storage/v1/object/public/video-assets/video/generated_1788071611065_ldpw0cnv.mp4,https://watch.showrunnerapp.xyz/storage/v1/object/public/videos/generated_1788071611065_ldpw0cnv.png
the last organic witness,Glimmer of Life,15,12matt3r,Umit,,A traveler discovers unexpected signs of life within a sprawling space station garden beneath a cosmic sky.,"@Umit #The Aetheria Celestial Concourse  Camera pulls back to third-person. Umit walks along an overgrown pathway and accidentally brushes her shoulder against a delicate, glowing plant.",08a7e386-07a8-4197-b707-76ae150079d9,https://watch.showrunnerapp.xyz/storage/v1/object/public/video-assets/video/generated_1788071846445_4m48mm0v.mp4,https://watch.showrunnerapp.xyz/storage/v1/object/public/videos/generated_1788071846445_4m48mm0v.png
the last organic witness,The Gatekeeper – Scene 2,15,12matt3r,,,"In a futuristic arena, two rivals engage in a high-stakes duel until a mechanical army intervenes, shifting the battle's tide.","Scene: Futuristic Solarpunk combat arena at sunset. Reflective glass solar-grid floor glowing with red geometric lines, blooming purple flowers in the foreground, grand domed skyline against a blazing orange sunset. Armored sentinels watching stoically from hovering circular platforms.

Dialogue: Maro (snarling, bio-energy surging): ""You don't leave this grid alive!"" Umit (breathing hard, defensive stance): ""Stand down! You don't have to obey them!""      Action: `[Extend from previous]` Dynamic side-profile fighting-game framing. Maro on the right rockets forward, trailing crackling purple bio-sparks, launching a ferocious combination of high-speed roundhouse kicks and armored strikes. Umit (on the left) shifts her weight fluidly across the glowing red grid floor, ducking under a sweeping strike and parrying a vicious cross. Sparks shower across the reflective tiles as Umit counters with a rapid palm-strike to the fighter's chest, sending shockwaves across the water-slicked glass.",5e14f512-209d-4feb-b825-270631f99b4f,https://watch.showrunnerapp.xyz/storage/v1/object/public/video-assets/video/generated_1788073065830_lx2g14xy.mp4,https://watch.showrunnerapp.xyz/storage/v1/object/public/video-assets/generated-images/vroll_1788071204751_1788071204751_lbobjazp1vg.png
the last organic witness,The Gatekeeper – Scene 3,15,12matt3r,,,"A desperate charge through a futuristic cityscape ends in a violent takedown, triggering a mysterious 'Architect' protocol.","Scene: High-intensity close-quarters struggle on the glowing arena grid. Harsh sunset rim lighting glinting off armor, purple energy sparking, dramatic speed lines.

Dialogue: Maro (screaming in rage): ""Die!"" Umit (desperate cry of exertion): ""No—stop!""
Action:  `[Extend from previous]` Enraged, the fighter on the right lunges in with a wild, bio-boosted tackle, driving Umit to the edge of the floral perimeter. In a desperate surge of survival instinct, Umit sidesteps the tackle, locks the fighter’s arm, and levers her entire body into a high-impact judo reversal. As both fighters slam onto the glowing solar grid, Umit wrenches the fighter's upper torso to break the pin; a sickening, sharp crack echoes as the fighter's neck violently snaps under the torque, the purple bio-sparks instantly shorting out into dead smoke.",b40d99db-b1a9-48d4-98f4-07010f419e58,https://watch.showrunnerapp.xyz/storage/v1/object/public/video-assets/video/generated_1788074604395_fvdk2fwq.mp4,https://watch.showrunnerapp.xyz/storage/v1/object/public/video-assets/generated-images/vroll_1788071204751_1788071204751_lbobjazp1vg.png
the last organic witness,The Gatekeeper – Scene 4,15,12matt3r,,,"A cyborg mourns a fallen ally amidst a futuristic cityscape, but is soon restrained by glowing energy as a mysterious digital interface consumes her sight.","Scene: Silent, tragic aftermath under the dying orange sunset. Dark fluid pooling across the glowing red solar grid tiles, hovering sentinels looking down unmoving, heavy emotional depth of field.

Dialogue: Umit (choked, trembling sob): ""I didn't... I didn't want this... please...""

Action: `[Extend from previous]` The defeated fighter goes completely limp, slumping face-first onto the glass floor as dark blood pools out, bleeding into the glowing red grid lines. Umit recoils in horror, scrambling backward on her hands and knees. Staring at her shaking palms covered in blood, her face contorts with overwhelming grief. She falls to her knees beside the fallen body, clutching her chest, weeping uncontrollably in devastating heartbreak as the silent sentinels on their hovering discs look down without an ounce of pity.",c15bb1d7-67c8-4c24-ac65-ea67a1364565,https://watch.showrunnerapp.xyz/storage/v1/object/public/video-assets/video/generated_1788076316181_vlaivexe.mp4,https://watch.showrunnerapp.xyz/storage/v1/object/public/video-assets/generated-images/vroll_1788071204751_1788071204751_lbobjazp1vg.png
the last organic witness,The Gatekeeper – Scene 5,15,12matt3r,Maro,The Verdant Threshold Gate,"A warrior's grief triggers a surreal descent into a bioluminescent world, culminating in a mysterious technological awakening.","Scene: Chaotic, hyper-speed FPV drone flight through an overgrown Solarpunk jungle. Moss-covered rusted server monoliths, glowing bioluminescent vines, deep twilight sunset rim lighting, transitioning abruptly into an absolute pitch-black void.

Dialogue: (None - kinetic transition)

Action: `[Extend from previous]` High-speed dynamic FPV drone shot. The camera launches backward at hyper-speed away from Umit kneeling on the glowing arena floor, shooting in reverse through a hollow, mossy ancient server trunk. The drone ricochets off glowing bioluminescent vines, executes a violent 180-degree forward snap-roll through the dense jungle canopy, and rockets full-throttle straight back toward the arena, plunging directly into Umit’s wide, tear-filled eye until the lens is entirely swallowed by pure, absolute pitch black.",f4134034-07ff-4c87-acec-3a7960c80842,https://watch.showrunnerapp.xyz/storage/v1/object/public/video-assets/video/generated_1788076939137_tkp0qyyz.mp4,https://watch.showrunnerapp.xyz/storage/v1/object/public/video-assets/generated-images/vroll_1788071204751_1788071204751_lbobjazp1vg.png
the last organic witness,Glimmer of Life – Scene 2,15,12matt3r,,,"A voyager breaches a restricted zone on a space station, discovering a massive vault filled with cryogenically preserved humans.","Extending the scene, she walks from the stone inspires down to where the gates are, the humans are allowed to enter past the gate with worries of contamination",bbcd7c34-07ac-4b27-888f-e66fe4bae5a9,https://watch.showrunnerapp.xyz/storage/v1/object/public/video-assets/video/generated_1788078067180_2gzmtjt6.mp4,https://watch.showrunnerapp.xyz/storage/v1/object/public/video-assets/generated-images/vroll_1788071440873_1788071440873_1y87hrtoh45.png
the last organic witness,Glimmer of Life – Scene 2,15,12matt3r,,The Aetheria Celestial Concourse,A cyber-enhanced fugitive reaches a domed space colony and triggers security alerts upon arrival.,"Extending the scene, she walks from the stone inspires down to where the gates are, the humans are allowed to enter past the gate with worries of contamination",68faadfe-baa0-4efe-9914-223a63596560,https://watch.showrunnerapp.xyz/storage/v1/object/public/video-assets/video/generated_1788078975665_qb5irzze.mp4,https://watch.showrunnerapp.xyz/storage/v1/object/public/videos/generated_1788078975665_qb5irzze.png
the last organic witness,Empathy's End,15,12matt3r,"Umit, Dana",The Corse Porch,A cybernetic warrior mourns a kill while an AI entity explains their civilization's demise during an apocalyptic event.,$3b,23ce9d31-8cb8-4825-a24e-8fe777fca668,https://watch.showrunnerapp.xyz/storage/v1/object/public/video-assets/video/generated_1788169811373_j71ho0tu.mp4,https://watch.showrunnerapp.xyz/storage/v1/object/public/videos/generated_1788169811373_j71ho0tu.png
the last organic witness,Screaming Bloom,15,12matt3r,"Sloppy, Al",The Grotto of Ghost Signals,Cyborgs discuss a surreal floral discovery within a high-tech tunnel.,@Sloppy@Al #The Grotto of Ghost Signals wow this world is so beautiful. We had a great time over there with Ollie and his friends. It was a little overstimulating as you can tell that screaming flowers are tits.,d6a817ce-49cd-436d-b8ea-a28a3b5e8f90,https://watch.showrunnerapp.xyz/storage/v1/object/public/video-assets/video/generated_1788475716494_xonodt6n.mp4,https://watch.showrunnerapp.xyz/storage/v1/object/public/videos/generated_1788475716494_xonodt6n.png
THE LAST PARTY IN THE UNIVERSE,The Last Cosmic Toast,15,12matt3r,"Archon Mal, Lyra of the Void, Azuriel",The Zenith Lounge,"As the world comes to an end, a group of celestial beings gathers in a luxurious cosmic lounge for one final toast at the edge of the universe.","We are not here to pout. We are not here to worry if there is any of that you’ll be casted out because we are here to party like it’s the end of the world, baby.",a0b51fa6-4f75-4587-a31a-7d983596ec8e,https://watch.showrunnerapp.xyz/storage/v1/object/public/video-assets/video/generated_1789766679538_w2j3d7h2.mp4,https://watch.showrunnerapp.xyz/storage/v1/object/public/videos/generated_1789766679538_w2j3d7h2.png
THE MAGNETIC BLEED,Not Yet Erased – Scene 13,15,12matt3r,,,A cyborg pilot protects a young girl during a high-speed desert pursuit as enemy jammers attempt to erase her digital memories.,"During a high-speed chase through the Nevada desert to outrun corporate jammers, Vera realizes the first-gen tape they rescued contains corrupted footage of her own childhood. As her mind begins to desync from reality, she must mentally traverse the degraded memories trapped inside the VHS tape while her crew physically defends their mobile Sandin Image Processor from a heavily armed corporate convoy.",668b8153-4554-4464-8cac-4b745469927b,https://watch.showrunnerapp.xyz/storage/v1/object/public/video-assets/video/generated_1784768140584_bmxngxth.mp4,https://watch.showrunnerapp.xyz/storage/v1/object/public/video-assets/generated-images/vroll_1784696913958_1784696913959_wu4x3328u4b.png
THE MAGNETIC BLEED,Not Yet Erased – Scene 3,15,12matt3r,,,High-speed chase in a neon desert reveals a glitching reality where the road leads into a massive mechanical device.,"The memory-sky tears. Nevada sun detonates through the rip. Hard smash: security camera POV from inside the lead Omni-Corp SUV — the child, Vera's own face, age seven, sits rigidly in the driver's seat. No expression. Eyes locked on the camera. Directly on Vera. Vera recoils violently, gasping, real van snapping back around her. The Sandin Image Processor emits a lethal high-frequency shriek. Every monitor in the van whites out simultaneously. The lead Omni-Corp SUV accelerates — closing the gap.",e5056922-e6c4-4d3e-92bb-327cab45a59d,https://watch.showrunnerapp.xyz/storage/v1/object/public/video-assets/video/generated_1784768268248_jryapns4.mp4,https://watch.showrunnerapp.xyz/storage/v1/object/public/video-assets/generated-images/vroll_1784696913958_1784696913959_wu4x3328u4b.png
THE MAGNETIC BLEED,Not Yet Erased – Scene 3,15,12matt3r,,,A psychedelic desert chase shifts into a bizarre kitchen scene with an clever opossum and Mariachi ducks in this trippy adventure.,"During a high-speed chase through the Nevada desert to outrun corporate jammers, Vera realizes the first-gen tape they rescued contains corrupted footage of her own childhood. As her mind begins to desync from reality, she must mentally traverse the degraded memories trapped inside the VHS tape while her crew physically defends their mobile Sandin Image Processor from a heavily armed corporate convoy.",e0718825-684f-4bdf-83ce-c77da90e7b56,https://watch.showrunnerapp.xyz/storage/v1/object/public/video-assets/video/generated_1784768642220_ioygucoz.mp4,https://watch.showrunnerapp.xyz/storage/v1/object/public/videos/generated_1784768642220_ioygucoz.png
THE MAGNETIC BLEED,Not Yet Erased – Scene 16,15,12matt3r,"Milo 'Snow' Thorne, Tess 'Bit' Aris, Elias Volt",,"In a neon forest, a reveal about a transmitter leads to a girl's imminent digital erasure as a dark entity looms.",@Milo 'Snow' Thorne@Tess 'Bit' Aris@Elias Volt #The Frequency-Frozen Orchard,d0827787-d43e-4f4e-a7ac-1a94ede04dc0,https://watch.showrunnerapp.xyz/storage/v1/object/public/video-assets/video/generated_1784769687821_210g6ffj.mp4,https://watch.showrunnerapp.xyz/storage/v1/object/public/videos/generated_1784769687821_210g6ffj.png
THE MAGNETIC BLEED,Not Yet Erased – Scene 18,15,12matt3r,,,A mysterious signal threatens the Coliseum. Vera's existence hangs in the balance as a surreal 'Child Loop' rewrites reality.,$42,2da04e0c-9a98-47af-bcd8-dcea757456f2,https://watch.showrunnerapp.xyz/storage/v1/object/public/video-assets/video/generated_1784776236974_tb3uupkk.mp4,https://watch.showrunnerapp.xyz/storage/v1/object/public/videos/generated_1784776236974_tb3uupkk.png
THE MAGNETIC BLEED,Not Yet Erased – Scene 20,15,12matt3r,,,Dancers fight a reality-warping signal in a glitchy arena. A cosmic force eventually traps them inside a cassette tape.,$40,abcb301e-2389-4966-b192-a67777d44198,https://watch.showrunnerapp.xyz/storage/v1/object/public/video-assets/video/generated_1784777144156_43jrrcs6.mp4,https://watch.showrunnerapp.xyz/storage/v1/object/public/video-assets/generated-images/vroll_1784775834285_1784775834286_ngu5s2kya6.png
THE MAGNETIC BLEED,Not Yet Erased – Scene 14,15,12matt3r,,,A cyborg and tech-enhanced girl fight to maintain a critical signal during a high-stakes desert chase.,"During a high-speed chase through the Nevada desert to outrun corporate jammers, Vera realizes the first-gen tape they rescued contains corrupted footage of her own childhood. As her mind begins to desync from reality, she must mentally traverse the degraded memories trapped inside the VHS tape while her crew physically defends their mobile Sandin Image Processor from a heavily armed corporate convoy.",cade5cc1-eb07-46c8-ba1d-634ebcf8a55d,https://watch.showrunnerapp.xyz/storage/v1/object/public/video-assets/video/generated_1784996026629_6ic9erbx.mp4,https://watch.showrunnerapp.xyz/storage/v1/object/public/video-assets/generated-images/vroll_1784696913958_1784696913959_wu4x3328u4b.png
THE MAGNETIC BLEED,Not Yet Erased – Scene 15,15,12matt3r,"Vera Molloy, Dex Farrow",The Horizontal-Sync Corridor,A wounded girl navigates a desert chase using a holographic interface. Her memories clash with reality as a cyborg driver pushes for survival.,"During a high-speed chase through the Nevada desert to outrun corporate jammers, Vera realizes the first-gen tape they rescued contains corrupted footage of her own childhood. As her mind begins to desync from reality, she must mentally traverse the degraded memories trapped inside the VHS tape while her crew physically defends their mobile Sandin Image Processor from a heavily armed corporate convoy.",3c69e2de-c65b-43b7-9562-7c039279f03d,https://watch.showrunnerapp.xyz/storage/v1/object/public/video-assets/video/generated_1784998689349_2yshmha6.mp4,https://watch.showrunnerapp.xyz/storage/v1/object/public/video-assets/generated-images/vroll_1784696913958_1784696913959_wu4x3328u4b.png
THE MAGNETIC BLEED,Not Yet Erased – Scene 17,15,12matt3r,"Milo 'Snow' Thorne, Tess 'Bit' Aris, Elias Volt",The Frequency-Frozen Orchard,Surreal figures in a glowing orchard face a soul-erasing entity via a mysterious broadcast.,@Milo 'Snow' Thorne@Tess 'Bit' Aris@Elias Volt #The Frequency-Frozen Orchard,b8b78165-4953-46d7-8793-88e4053884af,https://watch.showrunnerapp.xyz/storage/v1/object/public/video-assets/video/generated_1784999557043_81s08f6q.mp4,https://watch.showrunnerapp.xyz/storage/v1/object/public/video-assets/generated-images/vroll_1784769372305_1784769372306_qb4p8cylle.png
THE MAGNETIC BLEED,Not Yet Erased – Scene 19,15,12matt3r,"Elara 'Ghost' Moiré, Juno 'Sync' Valdes, Trace Vesper",,"A surging psychedelic frequency consumes the stage, unraveling reality in a glitchy, neon-soaked coliseum.",@Trace Vesper@Juno 'Sync' Valdes@Elara 'Ghost' Moiré#The Phosphor Colosseum,2f09f546-3650-49f8-9baf-8119ec21d323,https://watch.showrunnerapp.xyz/storage/v1/object/public/video-assets/video/generated_1784999572505_nysbghsw.mp4,https://watch.showrunnerapp.xyz/storage/v1/object/public/video-assets/generated-images/vroll_1784775834285_1784775834286_ngu5s2kya6.png
THE MAGNETIC BLEED,Not Yet Erased – Scene 21,15,12matt3r,"Trace Vesper, Juno 'Sync' Valdes, Elara 'Ghost' Moiré",The Phosphor Colosseum,Entities dissolve into a swirling psychedelic void as their digital reality collapses into static and melting hardware.,@Trace Vesper@Juno 'Sync' Valdes@Elara 'Ghost' Moiré#The Phosphor Colosseum,08788959-018f-473a-a40b-9c3b6216fdfb,https://watch.showrunnerapp.xyz/storage/v1/object/public/video-assets/video/generated_1784999499437_aczx766s.mp4,https://watch.showrunnerapp.xyz/storage/v1/object/public/video-assets/generated-images/vroll_1784775834285_1784775834286_ngu5s2kya6.png
THE MAGNETIC BLEED,Unspooled,15,12matt3r,"Dana, Umit",The corse porch,"A glowing cosmic entity triggers a reality-warping event, pulling a zombie girl and others into a swirling skyward vortex.","@Dana #The corse porch Scene: High-speed temporal rewind. The golden cymatic rings on the dark wooden porch reverse inward into Dana's luminous core, warping backward through the giant obsidian star portal into the burning amber sky of the Solarpunk metropolis.

Dialogue: Dana (resonant, reversed audio distortion): ""Every choice... echoes backward."" Umit (gasping as time accelerates in reverse): ""We're unspooling it all—""

Action: [Extend from previous] The golden cymatic circles on the dark porch floorboards violently contract inward, pulling Umit and Dana backward into a high-speed temporal vortex. The camera rockets in reverse through the shattering obsidian mirror tunnel, zooming backward past the frozen circle of armored raiders and the haloed mutant scavenger. The gray ash flies back down into the earth as the sky tears open in reverse, plunging past the armored sentinels on their hovering discs into the glowing red solar grid arena under the blazing amber gas giant.
 @Umit",a01907a0-b58a-459e-8bb7-231fbe1772da,https://watch.showrunnerapp.xyz/storage/v1/object/public/video-assets/video/generated_1788186380416_ppvuia9g.mp4,https://watch.showrunnerapp.xyz/storage/v1/object/public/videos/generated_1788186380416_ppvuia9g.png
The Willow Drive Tape,Basement Secrets,15,12matt3r,"Earlene Furr, Ray Furr, Harold Furr",Harold’s Basement Layout Table,A tense confrontation unfolds in a basement as a husband reveals he knows his wife's secret.,@Harold Furr and @Earlene Furr are arguing over infidelity on front of little @Ray Furr #Harold’s Basement Layout Table,1fcdf15a-7ac7-42a6-aa52-0cf84ebee3e0,https://watch.showrunnerapp.xyz/storage/v1/object/public/video-assets/video/generated_1787442730943_yuuv19p5.mp4,https://watch.showrunnerapp.xyz/storage/v1/object/public/videos/generated_1787442730943_yuuv19p5.png
The Willow Drive Tape,The Neighbor's Watch,15,12matt3r,Joyce Helms,Coley Store Road Residence,Joyce films two suspicious men near a neighbor’s house until they depart after a brief exchange.,@Joyce Helms @Grady Lefler @Travis Lowder#Coley Store Road Residence,f3c67144-5e62-4c21-8a8f-9e6e1ef4eafe,https://watch.showrunnerapp.xyz/storage/v1/object/public/video-assets/video/generated_1787457525687_g7uoj7af.mp4,https://watch.showrunnerapp.xyz/storage/v1/object/public/videos/generated_1787457525687_g7uoj7af.png
The Willow Drive Tape,Basement Secrets – Scene 2,15,12matt3r,"Binnie Crowell, Joyce Helms, Mitzi",Ebenezer Road Fellowship Hall,"Women discuss a man's cryptic plan to fix their situation. Suspense builds as a dark realization dawns, ending in a moment of pure terror.",@Binnie Crowell @Joyce Helms @Mitzi#Ebenezer Road Fellowship Hall,59adb053-acb9-4ceb-a9e4-01e1bc2b2f65,https://watch.showrunnerapp.xyz/storage/v1/object/public/video-assets/video/generated_1787465003203_x9nw3g77.mp4,https://watch.showrunnerapp.xyz/storage/v1/object/public/videos/generated_1787465003203_x9nw3g77.png
The Willow Drive Tape,Willow Drive,15,12matt3r,Harold Furr,Inside Stanly County jail,"Two men in a prison cell discuss a high-stakes, three-thousand-dollar cash deal for a job at Willow Drive.",@Harold Furr @Travis Lowder @Grady Lefler #Inside Stanly County jail,f8626c48-069c-421c-8bf7-32edc295fe28,https://watch.showrunnerapp.xyz/storage/v1/object/public/video-assets/video/generated_1787494533009_paskttlb.mp4,https://watch.showrunnerapp.xyz/storage/v1/object/public/videos/generated_1787494533009_paskttlb.png
The Willow Drive Tape,Willow Drive,15,12matt3r,"Marcus Clontz, Harold Furr",,"Two men travel in a vintage car. Harold counts down to their destination, while his weary, shirtless passenger remains wary and tense.",@Harold Furr #Inside the family car@Marcus Clontz,c7f35bf2-72ae-4a25-8b5a-745996446633,https://watch.showrunnerapp.xyz/storage/v1/object/public/video-assets/video/generated_1787503031511_3fojgi8k.mp4,https://watch.showrunnerapp.xyz/storage/v1/object/public/videos/generated_1787503031511_3fojgi8k.png
The Willow Drive Tape,Willow Drive,15,12matt3r,"Robert Lee, Harold Furr",Inside the family car,"Two men in a vintage car stake out a home while discussing a suspicious $3,000 plan.","@Harold Furr #Inside the family car @Robert Lee 1970s vintage 8mm Ektachrome transfer, harsh photoflood light bar, blinding sulfur-yellow and bilious green halation, chemical dye decay, deep optical vignetting, telecine motion blur, pillowed 4:3 frame. Over-the-shoulder POV from the back seat looking past Harold Furr and Marcus Clontz out the front windshield. The headlights illuminate an empty two-lane country road bordered by dark pines, approaching a distant brick ranch house with a closed garage door.⁠
 Audio Prompt: Muffled car engine drone, windshield wiper squeak, soft wind buffeting against side windows, low sub-bass hum.",d10e01b8-84f3-4554-86f4-3d2f0c617a9d,https://watch.showrunnerapp.xyz/storage/v1/object/public/video-assets/video/generated_1787503196239_okbyi1ny.mp4,https://watch.showrunnerapp.xyz/storage/v1/object/public/videos/generated_1787503196239_okbyi1ny.png
The Willow Drive Tape,Willow Drive,15,12matt3r,"Toby Lisk, Harold Furr",The Willow Drive Perimeter Road,"Under cover of night, Harold pressures an anxious Toby into a mysterious task to pay off a mounting vet bill.","@Harold Furr@Toby Lisk Style & Aesthetic Profile
 * Visual Medium: Degraded 1970s Super 8/8mm Ektachrome color reversal film with telecine transfer artifacts to early magnetic tape.
 * Lighting & Optical: Harsh tungsten photoflood light bars mounted directly to the camera, producing severe optical vignetting, crushed peripheral shadows, and blown-out center hotspots.
 * Color Palette: Chemical dye degradation characterized by sulfur-yellow and bilious lime-green halation, faded lavender twilight, and jaundiced skin tones.
 * Artifacts & Wear: Phosphor bloom, interlaced analog smearing, soft edge focus, vertical gate scratches, and pillowed 4:3 frame borders.
Master Style Keywords
1970s vintage 8mm Ektachrome transfer, harsh photoflood light bar, blinding sulfur-yellow and bilious green halation, chemical dye decay, deep optical vignetting, telecine motion blur, pillowed 4:3 frame, uncanny domestic archival horror, analog found footage#The Willow Drive Perimeter Road",d2c163b7-0d22-46a5-a911-58ba91174a88,https://watch.showrunnerapp.xyz/storage/v1/object/public/video-assets/video/generated_1787503970799_vu14bf0h.mp4,https://watch.showrunnerapp.xyz/storage/v1/object/public/videos/generated_1787503970799_vu14bf0h.png
The Willow Drive Tape,The Willow Drive Route,15,12matt3r,"Anonymous Unseen Intruder (POV / Hands only), Harold Furr, Marcus Clontz",The Willow Drive Rear Yard,Three men meet under a spotlight at night to coordinate a secretive mission involving a target on Willow Drive.,@Anonymous Unseen Intruder (POV / Hands only) @Harold Furr @Marcus Clontz #The Willow Drive Rear Yard Harold finally meets the man who’s gonna kill her,7cfef594-50b8-4992-b6ef-24927e65e16c,https://watch.showrunnerapp.xyz/storage/v1/object/public/video-assets/video/generated_1787922552020_11uhj459.mp4,https://watch.showrunnerapp.xyz/storage/v1/object/public/videos/generated_1787922552020_11uhj459.png
True love will find us in the end…,Roots of Pain – Scene 2,15,12matt3r,,,Surreal creatures gather by a glowing river. A man with flaming hair laments a tide of voices in a dreamlike woods.,Picture yourself in a boat on a river,9caf89bf-4871-4ab4-b61b-1b012a54345e,https://watch.showrunnerapp.xyz/storage/v1/object/public/video-assets/video/generated_1787969034352_9hr1ucbx.mp4,https://watch.showrunnerapp.xyz/storage/v1/object/public/video-assets/generated-images/vroll_1787952073344_1787952073345_99q7j3jzfia.png
True love will find us in the end…,Roots of Pain – Scene 3,15,12matt3r,"Nix, Gnash, Lonnie",The Marrow-Rooted Bloom,Surreal entities observe a giant cosmic eye until the scene shifts to a beetle's sudden encounter with a heavy shoe.,The camera zooms out further the eyeball was on a beetle that is crawling through the yard in front of Elliot‘s mindful yard,29874e43-41e5-447b-bffe-8ccba015aa04,https://watch.showrunnerapp.xyz/storage/v1/object/public/video-assets/video/generated_1787976273461_13ymtnp0.mp4,https://watch.showrunnerapp.xyz/storage/v1/object/public/video-assets/generated-images/vroll_1787952073344_1787952073345_99q7j3jzfia.png
True love will find us in the end…,Roots of Pain – Scene 4,15,12matt3r,"Casper, Elliot, Hype",,A man with a supernatural notebook faces eerie creatures as his sketches begin to manifest a mysterious ending.,@Hype @Elliot@Casper #The Bearded-Gable Hamlet,bc82cdf9-0a6d-424e-876e-835db2abe41f,https://watch.showrunnerapp.xyz/storage/v1/object/public/video-assets/video/generated_1787977024283_5e3dfkje.mp4,https://watch.showrunnerapp.xyz/storage/v1/object/public/videos/generated_1787977024283_5e3dfkje.png
True love will find us in the end…,Roots of Pain – Scene 5,15,12matt3r,"Hype, Elliot, Casper",The Bearded-Gable Hamlet,An exhausted boy guards his sketchbook from bizarre creatures. He rides a headless giant home as a drawing of a beetle begins to glow with power.,I’m so tired of seeing you guys don’t touch my notebook. You’re not allowed to touch any of my stuff now. Let me get on your back and take me home.,ede2d899-a15e-4336-bc05-a4257931013d,https://watch.showrunnerapp.xyz/storage/v1/object/public/video-assets/video/generated_1787977645524_hpmmmbtm.mp4,https://watch.showrunnerapp.xyz/storage/v1/object/public/video-assets/generated-images/vroll_1787976613366_1787976613366_rjk75keb0b.png
True love will find us in the end…,Roots of Pain – Scene 6,15,12matt3r,"Vera, Lydia, Maura",The Latticed-Gaze Liminality,A punk girl receives a chilling warning from a glowing specter about the dangers of her curiosity in a surreal world.,@Vera@Lydia@Maura #The Latticed-Gaze Liminality,8dc0ec18-bd3a-4e5a-82b7-3086978da1e7,https://watch.showrunnerapp.xyz/storage/v1/object/public/video-assets/video/generated_1787978519070_iactp81x.mp4,https://watch.showrunnerapp.xyz/storage/v1/object/public/videos/generated_1787978519070_iactp81x.png
True love will find us in the end…,The Forum Within,15,12matt3r,Umit,The Feline-Fringe Forum,A girl faces a startling supernatural event in a neon plaza as a mysterious digital interface consumes her consciousness.,"@Umit #The Feline-Fringe Forum @Umit FPV drone camera skips rapidly across the fountain water, barrels straight through a floating translucent UI window, and dives directly into Umit's eye. Snaps to absolute pitch black. ",78a2be16-e08a-4eb4-ad75-65334d5f646c,https://watch.showrunnerapp.xyz/storage/v1/object/public/video-assets/video/generated_1788031679104_25jdnbfu.mp4,https://watch.showrunnerapp.xyz/storage/v1/object/public/videos/generated_1788031679104_25jdnbfu.png
True love will find us in the end…,The Golden Barrel,15,12matt3r,,,"An expressive, orange creature experiences the thrill of a lifetime while surfing through a massive, vibrant wave barrel against a tropical sunset.",$40,008fe32b-01ce-4cd7-bb01-17a346c95119,https://watch.showrunnerapp.xyz/storage/v1/object/public/video-assets/video/generated_1789946222825_em78xgzu.mp4,https://watch.showrunnerapp.xyz/storage/v1/object/public/videos/generated_1789946222825_em78xgzu.png
True love will find us in the end…,Sunset Shred,15,12matt3r,,,"A quirky, wide-eyed creature rides a massive, vibrantly colored wave through a glowing barrel as the sun sets over a tropical paradise.",$3f,f3a8fd62-b345-40a2-9cbe-c654828eb339,https://watch.showrunnerapp.xyz/storage/v1/object/public/video-assets/video/generated_1789946261447_ff99lf5y.mp4,https://watch.showrunnerapp.xyz/storage/v1/object/public/videos/generated_1789946261447_ff99lf5y.png
True love will find us in the end…,The Golden Barrel – Scene 2,15,12matt3r,,,"An animated orange creature attempts to surf a massive wave, resulting in a series of hilarious mishaps before finally washing up on a sunny beach.","Quigley drops straight down the face of the wave, carves hard at the bottom, then rockets back toward the crest. The wave suddenly pitches over behind him and absolutely crushes him. His surfboard shoots one direction while Quigley pinwheels through the air in an exaggerated cartoon tumble, arms and legs flailing. He disappears inside explosive whitewater, briefly pops back out upside down, gets sucked under again, then the wave hurls him toward shore like a rag doll. He skips once across the shallow water, bounces off the wet sand, gets immediately flattened by another burst of shorebreak, and vanishes under a huge pile of foam. His surfboard washes up beside him a beat later. End with Quigley sprawled face-down in the sand while the last little wave rolls over his head.",6517fe92-bb48-455c-8b5d-a74f592e863e,https://watch.showrunnerapp.xyz/storage/v1/object/public/video-assets/video/generated_1789947696959_iflybjc2.mp4,https://watch.showrunnerapp.xyz/storage/v1/object/public/video-assets/generated-images/vroll_1789945816120_1789945816120_ft6r2h2ws7p.png
True love will find us in the end…,Dreaming Fast,15,12matt3r,Quigley,,"A frantic, orange character experiences a high-speed existential realization while surfing a psychedelic wave, ending in a beachside epiphany.","@Quigley #The big wave

SCENE:
Wide side view of Quigley at the very top of a huge blue-green wave, beach on the right, hot pink sky, giant sun, palm trees, bright tropical shoreline.

ACTION:
Quigley drops straight down the face of the wave, carves hard at the bottom, then rockets back toward the crest. The wave suddenly pitches over behind him and absolutely crushes him. His surfboard shoots one direction while Quigley pinwheels through the air in an exaggerated cartoon tumble, arms and legs flailing. He disappears inside explosive whitewater, briefly pops back out upside down, gets sucked under again, then the wave hurls him toward shore like a rag doll. He skips once across the shallow water, bounces off the wet sand, gets immediately flattened by another burst of shorebreak, and vanishes under a huge pile of foam. His surfboard washes up beside him a beat later. End with Quigley sprawled face-down in the sand while the last little wave rolls over his head",4f4a5e82-206c-493a-9017-d805673871be,https://watch.showrunnerapp.xyz/storage/v1/object/public/video-assets/video/generated_1789949692042_wpef1cxd.mp4,https://watch.showrunnerapp.xyz/storage/v1/object/public/videos/generated_1789949692042_wpef1cxd.png
True love will find us in the end…,Sunset Shred – Scene 2,15,12matt3r,Quigley,,A surfing duck discovers a mysterious secret when a giant wave whispers the names of two shadowed figures from the deep.,"@Quigley #The big wave

SCENE:
Wide side view of Quigley at the very top of a huge blue-green wave, beach on the right, hot pink sky, giant sun, palm trees, bright tropical shoreline.

ACTION:
Quigley drops straight down the face of the wave, carves hard at the bottom, then rockets back toward the crest. The wave suddenly pitches over behind him and absolutely crushes him. His surfboard shoots one direction while Quigley pinwheels through the air in an exaggerated cartoon tumble, arms and legs flailing. He disappears inside explosive whitewater, briefly pops back out upside down, gets sucked under again, then the wave hurls him toward shore like a rag doll. He skips once across the shallow water, bounces off the wet sand, gets immediately flattened by another burst of shorebreak, and vanishes under a huge pile of foam. His surfboard washes up beside him a beat later. End with Quigley sprawled face-down in the sand while the last little wave rolls over his head",589e9e64-e87d-4bdc-b40b-b583835b7506,https://watch.showrunnerapp.xyz/storage/v1/object/public/video-assets/video/generated_1789950488006_phrb0kac.mp4,https://watch.showrunnerapp.xyz/storage/v1/object/public/videos/generated_1789950488006_phrb0kac.png
True love will find us in the end…,Sunset Shred,15,12matt3r,Quigley,The big wave,"An adventurous orange creature takes to the waves for a surfing session, but a massive curl leads to a hilarious and colorful wipeout on the shore.",$3d,07faf3cf-1c19-488d-a1f5-66a99a6aa63c,https://watch.showrunnerapp.xyz/storage/v1/object/public/video-assets/video/generated_1789951364695_egqiuhgr.mp4,https://watch.showrunnerapp.xyz/storage/v1/object/public/videos/generated_1789951364695_egqiuhgr.png
Wake up Sunshine!,The Perfect Loop – Scene 2,15,12matt3r,"The Founder, Father Waybright",The Founder’s Private Transit — Cabin 666,A surreal discussion on data and heat takes a stark turn when a girl's refusal to provide power triggers a cold reality shift.,Continue,4d35923a-fcaa-4beb-bbfb-61af771727b9,https://watch.showrunnerapp.xyz/storage/v1/object/public/video-assets/video/generated_1784297479483_irm9udky.mp4,https://watch.showrunnerapp.xyz/storage/v1/object/public/video-assets/generated-images/vroll_1784245082216_1784245082216_j5n7ec55ioh.png
Wake up Sunshine!,Dance or Be Deleted,15,12matt3r,"Modem Marge, Teflon Mongoose, Jane Doe",The Synergy Slammer — Mobile Wellness Court,"Eccentric characters face a 'wellness audit' on a psychedelic bus, debating the necessity of spontaneous choreography.","@Modem Marge @Teflon Mongoose @Jane Doe #The Synergy Slammer — Mobile Wellness Court A dynamic, psychedelic wide shot of a 'beautiful ballet dance of absurdity' that is 'unhinged,' performed on a stage composed of swirling, translucent slushwave liquid, which ripples in a logic-defying, slow-motion blend. Multiple dancers with fluid, 1930s rubber-hose limbs perform impossibly graceful ballet leaps, pirouettes, and tendus amidst a chaotic, cascading environment. Another dancer, a character with multiple, cascading rubber-hose arms, is in a deep arabesque, with the extra limbs impossibly balancing giant, melting neon rubber-hose beautiful ballet dance of absurdity",98652534-4d55-4ac4-9d81-a6efce199a04,https://watch.showrunnerapp.xyz/storage/v1/object/public/video-assets/video/generated_1784778061105_62nlpn0z.mp4,https://watch.showrunnerapp.xyz/storage/v1/object/public/videos/generated_1784778061105_62nlpn0z.png
Wake up Sunshine!,Level Infinity,15,12matt3r,Umit,,"A woman finds herself transported to a breathtaking, futuristic city made of crystal, reacting with a mix of disbelief and awe.","@Umit #The Diamond Dividend District — Level Infinity Ascension First-person POV from pitch black. Eyelids blink open. Blinding, hyper-glossy light reveals a pristine crystalline city with floating glass monoliths and iridescent walkways.",f5242bf6-e7f2-42b5-ac12-028286de34d8,https://watch.showrunnerapp.xyz/storage/v1/object/public/video-assets/video/generated_1787982908026_zao9rgjs.mp4,https://watch.showrunnerapp.xyz/storage/v1/object/public/videos/generated_1787982908026_zao9rgjs.png
Wake up Sunshine!,Level Infinity,15,12matt3r,Umit,,"Waking in a shimmering crystal city, a woman begrudgingly accepts her presence in 'Level Infinity' as she prepares for a new mystery.","@Umit #The Diamond Dividend District — Level Infinity Ascension First-person POV from pitch black. Eyelids blink open. Blinding, hyper-glossy light reveals a pristine crystalline city with floating glass monoliths and iridescent walkways.",a3d1c223-44e6-42f5-826f-68372778e88c,https://watch.showrunnerapp.xyz/storage/v1/object/public/video-assets/video/generated_1787982884173_ypluzuir.mp4,https://watch.showrunnerapp.xyz/storage/v1/object/public/videos/generated_1787982884173_ypluzuir.png
Wake up Sunshine!,Level Infinity,15,12matt3r,Umit,,"A woman wakes in a silent, crystalline city with mysterious injuries and starts investigating.","@Umit #The Diamond Dividend District — Level Infinity Ascension First-person POV from pitch black. Eyelids blink open. Blinding, hyper-glossy light reveals a pristine crystalline city with floating glass monoliths and iridescent walkways.",bf78d0c8-fb94-49f0-8303-8a5775ea3c45,https://watch.showrunnerapp.xyz/storage/v1/object/public/video-assets/video/generated_1787984157650_avvsc5fq.mp4,https://watch.showrunnerapp.xyz/storage/v1/object/public/videos/generated_1787984157650_avvsc5fq.png
Wake up Sunshine!,Level Infinity – Scene 2,15,12matt3r,,,"In a crystalline chamber, a woman encounters a group of figures that eerily morph into her own likeness, leaving her shocked by the reflection.",She walks and looks around judging the world around her as the crowd gets denser and denser,83cd5383-c4f7-4a61-b37f-4717c7d2a6c0,https://watch.showrunnerapp.xyz/storage/v1/object/public/video-assets/video/generated_1787984692063_pz26kkje.mp4,https://watch.showrunnerapp.xyz/storage/v1/object/public/video-assets/generated-images/vroll_1787982529220_1787982529220_qbk1xva8qt.png
Wake up Sunshine!,Level Infinity – Scene 4,15,12matt3r,Echelon,,"A woman discovers a crystalline temple where cyborg beings initiate a mysterious countdown, leaving her behind.",$3f,4e60682d-88f1-4c5f-9f05-2750d4f38025,https://watch.showrunnerapp.xyz/storage/v1/object/public/video-assets/video/generated_1787985600364_djisc8q5.mp4,https://watch.showrunnerapp.xyz/storage/v1/object/public/videos/generated_1787985600364_djisc8q5.png
Wake up Sunshine!,Level Infinity – Scene 3,15,12matt3r,,,"A traveler crashes into a crystalline city of silver beings and receives a cryptic, dangerous warning.",$3d,90743a0d-d04d-4066-9e67-f3ddbae70db3,https://watch.showrunnerapp.xyz/storage/v1/object/public/video-assets/video/generated_1787986541022_3mv1sqd4.mp4,https://watch.showrunnerapp.xyz/storage/v1/object/public/video-assets/generated-images/vroll_1787982529220_1787982529220_qbk1xva8qt.png
Wake up Sunshine!,Level Infinity – Scene 5,15,12matt3r,,,"In a futuristic world, a woman is condemned as a contaminant by masked beings. A countdown starts as she asserts her personhood.",$3c,ed0df85f-de06-4caa-a9b5-9cc8677842c4,https://watch.showrunnerapp.xyz/storage/v1/object/public/video-assets/video/generated_1787987592009_m88lo4dx.mp4,https://watch.showrunnerapp.xyz/storage/v1/object/public/videos/generated_1787987592009_m88lo4dx.png
Wake up Sunshine!,Level Infinity – Scene 6,15,12matt3r,Veneer,The Diamond Dividend District — Level Infinity Ascension,A woman is captured by a mysterious council in a crystalline city and trapped within a monolith.,"FPV drone freefalls off a crystalline balcony, loops vertically over the walkway, and corkscrews into Umit's eye -> Pitch black.
 * Scene:
   Extreme verticality and kinetic FPV drone flight through a crystalline surrealist metropolis. Floating monoliths, a crowded iridescent balcony below, fast corkscrew motion ending in absolute pitch-black void.

 * Dialogue:
   (None - kinetic transition)

 * Action:
   [Extend from previous] High-speed dynamic FPV drone shot. The camera drops backward off the edge of the high crystalline balcony into a vertical freefall, plummeting past floating glass monoliths. It pulls out of the dive with a high-speed vertical loop, skimming just inches above the heads of the crowded promenade of shimmering citizens. The drone banks sharply, locks onto Umit standing disoriented amidst the hostile sea of people, and corkscrews violently forward directly into her widened, panicked pupil until the lens is entirely swallowed by pure, absolute pitch black.",bad3fd82-5fce-464d-acc0-d185883c0956,https://watch.showrunnerapp.xyz/storage/v1/object/public/video-assets/video/generated_1787988437564_br1xydmm.mp4,https://watch.showrunnerapp.xyz/storage/v1/object/public/video-assets/generated-images/vroll_1787987085924_1787987085925_0we7u6zt77s.png
Wake up Sunshine!,Shattered Nostalgia,15,12matt3r,,,"A woman confronts a glowing entity in a glass utopia, questioning the price of perfection as the sky cracks over a city of endless nostalgia.",$3a,37671d28-8bd0-4c60-8dd5-e5715866da45,https://watch.showrunnerapp.xyz/storage/v1/object/public/video-assets/video/generated_1788157943621_1hxio02n.mp4,https://watch.showrunnerapp.xyz/storage/v1/object/public/videos/generated_1788157943621_1hxio02n.png
Wake up Sunshine!,Shattered Nostalgia – Scene 2,15,12matt3r,"Umit, Dana",The Corse House,A journey through a futuristic metropolis leads to a startling discovery as digital and biological worlds collide within a woman's consciousness.,"Scene: Extreme verticality and kinetic FPV drone flight through a crystalline surrealist metropolis. Floating glass monoliths, sheer freefall over an iridescent promenade, magnetic CRT scanlines blooming into a complete fade to black.

Dialogue: (None - kinetic transition)

Action: [Extend from previous] High-speed dynamic FPV drone shot. The camera launches backward off the edge of the crystalline terrace into a sheer vertical freefall past towering glass monoliths. Pulling out of the dive with a high-speed vertical loop, the drone skims inches above the heads of the crowd in iridescent silk before corkscrewing full-throttle directly into Umit’s panicked pupil. The lens plunges through her glowing red bloodstream, bursting into the dark sensory void as Dana pulses with intense blue cymatic waves. The camera violently whips past Dana, diving forward as magnetic VHS scanlines distort the lens, before the entire frame cleanly fades out into complete, absolute pitch black.",22209ed8-ec8a-4f03-89a7-fd59b4dca403,https://watch.showrunnerapp.xyz/storage/v1/object/public/video-assets/video/generated_1788161270914_gvtz3a8l.mp4,https://watch.showrunnerapp.xyz/storage/v1/object/public/video-assets/generated-images/vroll_1788157574476_1788157574477_dgaz11tso1v.png
When Ocean Meets Sky,The Unseen Bend,15,12matt3r,"KAI (HORIZON - HUMAN STATE), SORA (TRIPS - HUMAN STATE)",,"As a boy's eyes awaken to a cosmic power, a friend fights to keep him tethered to reality beneath a shattering night sky.","@KAI (HORIZON - HUMAN STATE) @SORA (TRIPS - HUMAN STATE) Cosmic Nightmare Pop Surrealism anime style. Close-up of Kai's face. His pupils dilate dramatically—becoming vast dark pools with ring of color. Dark markings appear around his eyes—tribal patterns forming in the shadows. Blue electrical sparks flicker at his temples like tiny lightning. His expression shifts from curiosity to awe—the transformation beginning in his eyes. Bold anime outlines emphasize the dramatic change. Cel-shaded manga linework, bold black outlines 3px, hyper-detailed AI-rendered dilating pupils and electrical sparks, maximalist horror vacui with blue energy manifestation. Dark purple skin tones with neon cyan sparks. Reference Kentaro Miura Berserk Markings with Junji Ito eye transformation.",a6c64e13-803f-47c5-a0fb-d7a5649fa74a,https://watch.showrunnerapp.xyz/storage/v1/object/public/video-assets/video/generated_1781276039098_n5x4vq4i.mp4,https://watch.showrunnerapp.xyz/storage/v1/object/public/videos/generated_1781276039098_n5x4vq4i.png
When Ocean Meets Sky,The Unseen Bend – Scene 2,15,12matt3r,,,A lone individual sitting on a park bench is unexpectedly consumed by a mysterious black liquid rising from the ground.,"Cosmic Nightmare Pop Surrealism anime style. Close-up of Kai's foot tapping rhythmically on the floorboards. Rapid motion blur shows the nervous energy leaking out of him. The foot moves with increasing speed—agitation, anxiety, the body reacting before the mind fully comprehends. The floorboards creak with each tap. Sound emphasized. Cel-shaded manga linework, bold black outlines 3px, hyper-detailed AI-rendered foot motion and floorboard textures, maximalist horror vacui with motion blur. Dark blue jeans and wooden floor tones. Reference 90s OVA body anxiety with Pop Surrealist motion capture.",2464bd8f-cf50-446f-9330-1690b9d780e8,https://watch.showrunnerapp.xyz/storage/v1/object/public/video-assets/video/generated_1781276472760_8nf4nc5i.mp4,https://watch.showrunnerapp.xyz/storage/v1/object/public/video-assets/generated-images/vroll_1781275750328_1781275750328_ymwpwbaxx9q.png
When Ocean Meets Sky,The Unseen Bend – Scene 3,15,12matt3r,"KAI (HORIZON - HUMAN STATE), SORA (TRIPS - HUMAN STATE)",,Teens on a rooftop witness their tattoos come alive and grow as the world around them dissolves into a swirling cosmic void.,"@KAI (HORIZON - HUMAN STATE) @SORA (TRIPS - HUMAN STATE) Cosmic Nightmare Pop Surrealism anime style. Close-up of Sora's face. Her eyes develop a purple luminous quality—the irises glowing softly like they contain inner light. Her floral leg tattoos begin pulsing with faint light visible through her shorts. The patterns seem to grow slightly, reaching toward her body. Expression of wonder mixed with concern. Colors intensifying around her. The transformation is beautiful and terrifying. Cel-shaded manga linework, bold black outlines 3px, hyper-detailed AI-rendered glowing eyes and pulsing tattoos, maximalist horror vacui with organic growth animation. Purple neon and flesh tones with tattoo glow. Reference Junji Ito body transformation with Pop Surrealist magical girl aesthetic. #First meeting",97d21acd-fe34-4072-a809-98aecf1760f8,https://watch.showrunnerapp.xyz/storage/v1/object/public/video-assets/video/generated_1781277467211_i9kl3w90.mp4,https://watch.showrunnerapp.xyz/storage/v1/object/public/videos/generated_1781277467211_i9kl3w90.png
When Ocean Meets Sky,The Unseen Bend – Scene 4,15,12matt3r,,,"A woman's tattoos glow with purple energy, spreading vines and crystals that trap a pair on a city rooftop at sunset.","Cosmic Nightmare Pop Surrealism anime style. The sun sets completely. The room plunges into blue hour shadow. The only light is now the artificial glow of streetlamps coming through the blinds—creating prison-bar stripes across the room. The warmth is gone, replaced by cold blue darkness. The mood shifts dramatically. Safety is leaving. Cel-shaded manga linework, bold black outlines 3px, hyper-detailed AI-rendered blue hour shadow and streetlight stripes, maximalist horror vacui with shadow pattern emergence. Deep blue and purple tones with harsh light stripes. Reference Kentaro Miura atmospheric shift with Pop Surrealist light geometry.",d5dd245f-43ba-4770-8e4e-1033a8249dbb,https://watch.showrunnerapp.xyz/storage/v1/object/public/video-assets/video/generated_1781277948862_lztxry2h.mp4,https://watch.showrunnerapp.xyz/storage/v1/object/public/video-assets/generated-images/vroll_1781277225774_1781277225775_x9018p7a5vn.png
When Ocean Meets Sky,The Unseen Bend – Scene 5,15,12matt3r,,,A supernatural farewell unfolds as two lovers face a dark transformation. They cling to a final moment of connection under a neon sky.,"Cosmic Nightmare Pop Surrealism anime style. Over-the-shoulder shot from Sora's perspective. Watching Kai breathe—his chest rising and falling in slow rhythm. She's studying his baseline reality before it changes, memorizing who he is now. The moment is intimate and sad—knowing they're about to lose themselves. The camera lingers on Kai's face, his vulnerability. Cel-shaded manga linework, bold black outlines 3px, hyper-detailed AI-rendered breathing motion and close face study, maximalist horror vacui with soft focus. Warm skin tones against blue shadow. Reference Kentaro Miura emotional moment with 90s OVA intimacy.",54583180-8048-45b4-a384-2947417923b9,https://watch.showrunnerapp.xyz/storage/v1/object/public/video-assets/video/generated_1781278851325_kldrvpx7.mp4,https://watch.showrunnerapp.xyz/storage/v1/object/public/video-assets/generated-images/vroll_1781277225774_1781277225775_x9018p7a5vn.png
When Ocean Meets Sky,The Unseen Bend – Scene 6,15,12matt3r,,,A girl's tearful goodbye on a rooftop turns into a nightmare as her companion undergoes a terrifying supernatural transformation.,"Cosmic Nightmare Pop Surrealism anime style. Over-the-shoulder shot from Sora's perspective. Watching Kai breathe—his chest rising and falling in slow rhythm. She's studying his baseline reality before it changes, memorizing who he is now. The moment is intimate and sad—knowing they're about to lose themselves. The camera lingers on Kai's face, his vulnerability. Cel-shaded manga linework, bold black outlines 3px, hyper-detailed AI-rendered breathing motion and close face study, maximalist horror vacui with soft focus. Warm skin tones against blue shadow. Reference Kentaro Miura emotional moment with 90s OVA intimacy.",3a7363e7-84d7-48dc-a38a-6884cfd8c9a5,https://watch.showrunnerapp.xyz/storage/v1/object/public/video-assets/video/generated_1781279398112_7ivcvjq1.mp4,https://watch.showrunnerapp.xyz/storage/v1/object/public/video-assets/generated-images/vroll_1781277225774_1781277225775_x9018p7a5vn.png
When Ocean Meets Sky,Beyond the Spin,15,12matt3r,"THE DISSOLVED AUDIENCE, KAI (HORIZON - HUMAN STATE), SORA (TRIPS - HUMAN STATE)",,"Reality splinters for two friends as their room spins into a kaleidoscopic void, where a mysterious entity warns of a permanent exile.","@KAI (HORIZON - HUMAN STATE) @SORA (TRIPS - HUMAN STATE) @THE DISSOLVED AUDIENCE Cosmic Nightmare Pop Surrealism anime style. Spinning POV shot. The room whirls around them. Colors explode into vibrant psychedelic palette—neon pinks, electric blues, acid greens flooding the frame. Their heartbeats quicken and fall out of sync—the sound becomes layered and distorted. The point of no return. Everything shifts. Reality breaks. The trip has begun. This is the end of Episode 1—cliffhanger into darkness. Cel-shaded manga linework, bold black outlines 3px, hyper-detailed AI-rendered spinning room and color explosion, maximalist horror vacui with psychedelic saturation. Neon rainbow spectrum against dark center. Reference 90s OVA acid sequence with Pop Surrealist color assault.",28148d06-b93e-4a3f-8aa5-20b1c51e08b0,https://watch.showrunnerapp.xyz/storage/v1/object/public/video-assets/video/generated_1781279729618_55rxztjq.mp4,https://watch.showrunnerapp.xyz/storage/v1/object/public/videos/generated_1781279729618_55rxztjq.png
When Ocean Meets Sky,Shadows Beneath – Scene 4,15,12matt3r,,,A young man discovers a mysterious rift on his floor and is pulled into a digital void.,"Atmosphere: Extreme close-up anime style, a dust bunny under the bed drifts slightly in a draft, mundane details rendered with hyper-real focus, emphasizing the quiet before the storm",5f46cd5d-de1f-48dd-af6b-6eba9632f0be,https://watch.showrunnerapp.xyz/storage/v1/object/public/video-assets/video/generated_1784221316596_na8qsroz.mp4,https://watch.showrunnerapp.xyz/storage/v1/object/public/video-assets/generated-images/vroll_1781218962192_1781218962193_1uk44obtn0d.png
When Ocean Meets Sky,The Moth's Reflection – Scene 4,15,12matt3r,,Kai’s bedroom (night primary-set),Teenagers watch a moth struggle for freedom at the stroke of eight.,"Side Quest (The Insect): Macro shot anime style, a moth fluttering against the window glass, trying to get out, frantic movement contrasting with the characters' stillness",f7063ecf-24a6-4fd1-b508-4408cb978617,https://watch.showrunnerapp.xyz/storage/v1/object/public/video-assets/video/generated_1784221318222_pivflejs.mp4,https://watch.showrunnerapp.xyz/storage/v1/object/public/video-assets/generated-images/vroll_1781251904935_1781251904937_n4s95puiedg.png
When Ocean Meets Sky,Offline – Scene 3,15,12matt3r,"KAI (HORIZON - HUMAN STATE), SORA (TRIPS - HUMAN STATE)",First meeting,"As a phone's battery drops to nine percent, Kai's body begins to glitch and pixelate. A mysterious countdown starts as his physical form dissolves into digital fragments.","Tech: Close-up anime style, @kai.horizon’s phone screen lights up with a notification, ""Battery Low 10%,"" ignoring the outside world, digital isolation",28ed71c1-f8af-489b-a065-8eb8c83d00da,https://watch.showrunnerapp.xyz/storage/v1/object/public/video-assets/video/generated_1784221315070_zfqkardd.mp4,https://watch.showrunnerapp.xyz/storage/v1/object/public/video-assets/generated-images/vroll_1781272690784_1781272690791_bvvkgucwxqe.png
When Ocean Meets Sky,The Neon Convergence,15,12matt3r,"Dana, Umit",,"A traveler arrives at 'The Convergence,' a vibrant neon landscape where nature and machinery intertwine.","@Umit @Dana#The Fragmented Memoryscape Scene: The dark void threshold warming into amber sunset light. A single stark overhead spotlight expands into a golden-hour glow as the grand Biomechanical Solarpunk Metropolis materializes around Umit and Dana under the ringed gas giant sky.

Dialogue: Umit (low, shaken): ""Every door. Every world. And I still end up here."" Dana (resonant, gentle pulse): ""The convergence. Nature, machinery, and ascended mind under a burning gas giant."" Umit (stepping forward, jaw set): ""Let's see what they built.""

Action: [Extend from previous] Standing under the spotlight in the dark void, Umit watches the darkness part as warm amber-orange rays wash across her face. Dana extends a glowing, translucent hand toward the expanding horizon. The deep mechanical hum of towering server spires vibrates through the floor as the vast pale-stone entry plaza, lush bioluminescent ferns, and the giant ringed gas giant sky materialize around them in full, breathtaking scale.
",55073138-8e67-47cd-8ef1-39d52b69439b,https://watch.showrunnerapp.xyz/storage/v1/object/public/video-assets/video/generated_1788164059920_73w1nsok.mp4,https://watch.showrunnerapp.xyz/storage/v1/object/public/videos/generated_1788164059920_73w1nsok.png
When Ocean Meets Sky,The Neon Convergence – Scene 2,15,12matt3r,"Umit, Dana",The Fragmented Memoryscape,Ummit is consumed by cosmic flames to power a floating city. A mysterious voice declares her the final fuel source.,Umit gets set on fire she screams and ask why she’s being put through this as she burns out of that existence the screen goes black,8bf6c560-6583-4c90-b500-f13bf5d33b00,https://watch.showrunnerapp.xyz/storage/v1/object/public/video-assets/video/generated_1788164635042_qu8fb8z3.mp4,https://watch.showrunnerapp.xyz/storage/v1/object/public/video-assets/generated-images/vroll_1788163659945_1788163659984_kaj9a2m86ci.png
